cohort,comarca,year,row_idx,yield_tha,lag_yield,wd_preflower_mean,wd_flowering_mean,wd_pit_mean
all_olive,Alt Camp,2016,0,0.4700000000000002,1.124777777777778,-2.532565339293194,-5.728038939106599,-5.144242784263553
all_olive,Alt Camp,2017,1,0.512,0.2827777777777778,-4.006467620759091,-2.044174355530906,-4.393439015221366
all_olive,Alt Camp,2018,2,-0.5269999999999999,0.3247777777777776,0.0785054818536068,-2.136933792321552,-1.9800746120468289
all_olive,Alt Camp,2019,3,0.92,-0.7142222222222223,-2.967620233308422,-4.205951835272164,-4.537402413057883
all_olive,Alt Camp,2020,4,-0.1079999999999998,0.7327777777777775,-2.6540222896074672,4.210470932565664,-5.217538708784759
all_olive,Alt Camp,2021,5,0.51,-0.2952222222222223,-2.4234771754797113,-5.36945182480154,-4.488053603666504
all_olive,Alt Camp,2022,6,-0.8029999999999999,0.3227777777777776,-3.025801076289141,-4.926863973878659,-5.22536647151043
all_olive,Alt Camp,2023,7,-0.6009999999999999,-0.9902222222222224,-2.8091868674935028,-1.8968958154711852,-3.918487447294407
all_olive,Alt Camp,2024,8,-0.3729999999999999,-0.7882222222222223,-2.6743130254470446,-0.670517165628807,-5.70805395551468
all_olive,Alt Empordà,2016,9,0.2026666666666665,-0.0246666666666666,-1.0314739986112214,-2.2418862599927945,-5.614228797076496
all_olive,Alt Empordà,2017,10,-0.0363333333333335,0.2653333333333334,-3.0606023707370533,-4.555943675732821,-5.08133103262154
all_olive,Alt Empordà,2018,11,-0.1013333333333335,0.0263333333333333,-2.1203713002014952,-0.13037613452202548,-4.109904212346956
all_olive,Alt Empordà,2019,12,0.3196666666666665,-0.0386666666666666,-3.0357101441883714,-1.7204781750588012,-4.697982294966908
all_olive,Alt Empordà,2020,13,0.3916666666666664,0.3823333333333334,-0.708735630989882,-2.844857108161007,-3.8794855124724372
all_olive,Alt Empordà,2021,14,-0.4113333333333335,0.4543333333333332,-1.6078276971441445,-4.977694630146624,-4.320716770482049
all_olive,Alt Empordà,2022,15,-0.4113333333333335,-0.3486666666666667,-3.097215500697696,-5.442156614485883,-6.380244241179022
all_olive,Alt Empordà,2023,16,-0.4303333333333334,-0.3486666666666667,-2.4504818685099488,-3.2691561734197223,-5.583248788911467
all_olive,Alt Empordà,2024,17,0.4766666666666665,-0.3676666666666666,-1.9936726707589851,-1.4213247632850652,-5.51479653673871
all_olive,Alt Penedès,2016,18,-0.0608888888888888,0.4477777777777778,-1.2822586627425958,-4.8333220790110545,-5.130974918262627
all_olive,Alt Penedès,2017,19,0.7991111111111112,-0.1522222222222222,-3.813532325939557,-3.8767486475532897,-4.121217301090611
all_olive,Alt Penedès,2018,20,0.0391111111111112,0.7077777777777778,-0.9633503148870842,0.6644230264359179,-4.722151399013705
all_olive,Alt Penedès,2019,21,0.1491111111111112,-0.0522222222222221,-3.160689876590494,-3.926320573080808,-3.756043097325086
all_olive,Alt Penedès,2020,22,-0.0108888888888888,0.0577777777777778,-1.0545622448834733,-3.0566146711632105,-5.011455363328403
all_olive,Alt Penedès,2021,23,0.2391111111111111,-0.1022222222222222,-2.789447670118129,-5.503311847791325,-4.503762995504095
all_olive,Alt Penedès,2022,24,-0.3608888888888888,0.1477777777777777,-3.703965019563598,-5.559560500781287,-6.346707731042996
all_olive,Alt Penedès,2023,25,-0.5108888888888888,-0.4522222222222222,-2.7121095360685854,0.04695579391075615,-4.982130890713803
all_olive,Alt Penedès,2024,26,-0.2828888888888888,-0.6022222222222222,-2.1089710915891726,-1.7120011242484623,-5.334905295904294
all_olive,Anoia,2016,27,-0.2531111111111111,-0.0277777777777777,-3.4299393408238195,-5.377468343371241,-3.8933674722222853
all_olive,Anoia,2017,28,0.3768888888888889,-0.2777777777777777,-3.81061819516654,-3.3534863693026535,-4.949218466973732
all_olive,Anoia,2018,29,0.0968888888888889,0.3522222222222223,-0.6578054615921106,-2.389234234124605,-2.0936043579836086
all_olive,Anoia,2019,30,0.0968888888888889,0.0722222222222223,-2.3640063819311536,-0.7270807751805378,-3.2007277785521415
all_olive,Anoia,2020,31,0.3168888888888889,0.0722222222222223,-1.3008664363430722,-2.797816623339904,-5.560927535603165
all_olive,Anoia,2021,32,0.2968888888888888,0.2922222222222222,-3.9176003860439312,-4.593399152548402,-4.315817690352007
all_olive,Anoia,2022,33,-0.2531111111111111,0.2722222222222222,-3.6425991664342883,-5.080980654213497,-6.084860405743358
all_olive,Anoia,2023,34,-0.4531111111111111,-0.2777777777777777,-3.184256033121628,1.3215170963390102,-4.424686497581165
all_olive,Anoia,2024,35,-0.2251111111111111,-0.4777777777777777,-1.9081240345892467,-4.045230719988886,-5.257129946287858
all_olive,Baix Camp,2016,36,0.2436666666666667,0.901888888888889,-2.9457444292849897,-4.703063404508196,-5.38491603783027
all_olive,Baix Camp,2017,37,0.2856666666666665,0.0598888888888888,-3.6921262985992924,-2.7309506613908985,-5.033358400079976
all_olive,Baix Camp,2018,38,-0.9043333333333334,0.1018888888888887,-2.462653972202767,-1.492155957126255,-5.222120702974109
all_olive,Baix Camp,2019,39,0.7936666666666665,-1.0881111111111113,-2.659729629281528,-4.701047846779106,-5.361306760561017
all_olive,Baix Camp,2020,40,0.3006666666666666,0.6098888888888887,-0.40046832165563145,-3.2448485676963257,-5.663594409735051
all_olive,Baix Camp,2021,41,0.3636666666666666,0.1168888888888888,-3.3517366140408353,-5.09969737435735,-4.3314143238471745
all_olive,Baix Camp,2022,42,-0.8233333333333334,0.1798888888888887,-3.7811073710970464,-5.414643135734162,-5.218226314964523
all_olive,Baix Camp,2023,43,0.3086666666666666,-1.007111111111111,-3.757928091919229,-1.6979516080483008,-4.6904439502661015
all_olive,Baix Camp,2024,44,-0.5683333333333334,0.1248888888888888,-3.1237193632058373,-4.364107569593184,-5.535546866791525
all_olive,Baix Ebre,2016,45,-0.0257777777777776,-0.4795555555555554,-1.999434205700747,-4.293030555859961,-6.055496140971987
all_olive,Baix Ebre,2017,46,-0.0507777777777778,-0.0655555555555553,-3.2370070013473384,-4.3607848178129345,-4.807409196234633
all_olive,Baix Ebre,2018,47,-0.2567777777777777,-0.0905555555555555,-2.397613133571856,0.78605111475696,-4.3968732304635925
all_olive,Baix Ebre,2019,48,0.4992222222222222,-0.2965555555555554,-3.580050848401261,-5.259560650716117,-5.9442791026124
all_olive,Baix Ebre,2020,49,0.2302222222222223,0.4594444444444445,-0.22723330572316733,0.3737012562101659,-5.707416933165822
all_olive,Baix Ebre,2021,50,0.3882222222222222,0.1904444444444446,-3.2300800091147055,-3.4820491598289323,-4.343822179872605
all_olive,Baix Ebre,2022,51,-0.7127777777777777,0.3484444444444445,-2.807750828136012,-1.4887584916254366,-6.16507947566854
all_olive,Baix Ebre,2023,52,0.7262222222222223,-0.7525555555555554,-3.5446503256554616,-4.9170484063582816,-4.454183039372349
all_olive,Baix Ebre,2024,53,-0.7977777777777777,0.6864444444444446,-3.3030408266300118,-3.688515936313487,-5.419586455240097
all_olive,Baix Empordà,2016,54,0.2144444444444444,-0.1969999999999999,-2.3116316592608297,-3.767053693441425,-5.891068867337906
all_olive,Baix Empordà,2017,55,-0.0245555555555556,0.3010000000000001,-2.830202047048558,-4.323779436951907,-4.967404138210309
all_olive,Baix Empordà,2018,56,0.1004444444444443,0.062,-1.8242904020620707,-2.3630409542682793,-4.755542164841939
all_olive,Baix Empordà,2019,57,0.0274444444444443,0.187,-2.7444566598959677,-4.70218834091055,-3.131195613740838
all_olive,Baix Empordà,2020,58,0.4164444444444444,0.1140000000000001,0.3763908029083757,-4.403537151626258,-5.1289098145856835
all_olive,Baix Empordà,2021,59,-0.1995555555555556,0.5030000000000001,-2.495719024325584,-4.819316452194681,-5.1591451472420955
all_olive,Baix Empordà,2022,60,-0.6195555555555556,-0.1129999999999998,-2.1136590792396492,-4.893281538678712,-6.178038819612543
all_olive,Baix Empordà,2023,61,-0.4105555555555557,-0.5329999999999999,-2.145285134472914,-3.1800314333640927,-5.6732258096792245
all_olive,Baix Empordà,2024,62,0.4954444444444443,-0.3239999999999999,-1.9908305065899383,-2.738244906717444,-5.829033003656414
all_olive,Baix Penedès,2016,63,0.0490000000000001,0.7463333333333335,-2.773433045493838,-3.832190762086239,-4.784464282647835
all_olive,Baix Penedès,2017,64,0.391,-0.0956666666666665,-2.8128005106807388,-4.93464384687536,-4.922891486501455
all_olive,Baix Penedès,2018,65,-0.6599999999999999,0.2463333333333333,-1.6737398371531709,-0.7691244641650951,-4.661981595526552
all_olive,Baix Penedès,2019,66,0.534,-0.8046666666666666,-1.8006437628151928,-1.3765708353074042,-4.964294462230428
all_olive,Baix Penedès,2020,67,0.266,0.3893333333333333,-0.7027163184009548,-1.560288126355986,-4.789975757604425
all_olive,Baix Penedès,2021,68,0.1169999999999999,0.1213333333333333,-2.719477009074127,-3.149455528851614,-4.533825872967691
all_olive,Baix Penedès,2022,69,-1.0179999999999998,-0.0276666666666667,-1.5196990808523088,-4.703087499903496,-3.7824461227361175
all_olive,Baix Penedès,2023,70,0.732,-1.1626666666666663,-3.3237539760006682,-1.7520245318394576,-4.190049456023915
all_olive,Baix Penedès,2024,71,-0.411,0.5873333333333333,-2.229764729854443,-2.7378414323663867,-5.009752544063462
all_olive,Conca de Barberà,2016,72,0.4504444444444444,1.0965555555555555,-3.905261060411136,-5.224691103893663,-4.428347654779068
all_olive,Conca de Barberà,2017,73,0.4924444444444442,0.2545555555555556,-3.4796711815246932,-3.818104219323092,-5.086758730459453
all_olive,Conca de Barberà,2018,74,0.2824444444444443,0.2965555555555554,-0.41103634484899165,-5.455240487800255,-0.5742071264392236
all_olive,Conca de Barberà,2019,75,0.4504444444444444,0.0865555555555555,-4.2159126089377965,-5.583361811037408,-2.9474616877586524
all_olive,Conca de Barberà,2020,76,-0.1045555555555557,0.2545555555555556,-1.0194980158903517,-2.1861778805251824,-4.982089909061167
all_olive,Conca de Barberà,2021,77,0.1644444444444444,-0.3004444444444445,-4.192484185088044,-3.5553921221798688,-4.588340921060725
all_olive,Conca de Barberà,2022,78,-0.8115555555555556,-0.0314444444444443,-4.4462075416164675,-6.1266767233632,-5.405100326659483
all_olive,Conca de Barberà,2023,79,-0.4535555555555557,-1.0074444444444444,-1.7955083775883522,-0.3736148473474211,-4.676509281403933
all_olive,Conca de Barberà,2024,80,-0.4705555555555556,-0.6494444444444445,-2.8417388100104213,-3.5592292925397784,-4.465144342882328
all_olive,Garrigues,2016,81,0.0102222222222221,-0.0103333333333331,-4.006819786240261,-5.600297242914438,-6.273459019126755
all_olive,Garrigues,2017,82,0.1502222222222221,0.0196666666666667,-4.37386142633659,-6.038220021385532,-5.76045251292443
all_olive,Garrigues,2018,83,0.0202222222222221,0.1596666666666667,-1.4800649216433177,-0.9332770113418928,-5.96105086332127
all_olive,Garrigues,2019,84,0.0302222222222221,0.0296666666666667,-3.912178542358693,-4.98748752469464,-6.0745040692252985
all_olive,Garrigues,2020,85,0.1002222222222222,0.0396666666666667,-2.523916221175654,-4.312485272958707,-6.441392948865967
all_olive,Garrigues,2021,86,0.0202222222222221,0.1096666666666668,-3.229456854516084,-5.415326226153054,-5.431812018188456
all_olive,Garrigues,2022,87,-0.3117777777777778,0.0296666666666667,-3.9118982658952013,-6.337287120455669,-2.627333731708721
all_olive,Garrigues,2023,88,-0.0847777777777778,-0.3023333333333332,-4.595358122087713,-1.9380606577134785,-5.848247545049966
all_olive,Garrigues,2024,89,0.0652222222222221,-0.0753333333333332,-3.6980464262978234,-5.676711308433916,-6.949681436100986
all_olive,Montsià,2016,90,0.1180000000000001,-0.3677777777777776,-2.763209573321288,-3.9908535171853323,-5.917747870189451
all_olive,Montsià,2017,91,0.0929999999999999,0.0462222222222223,-2.9898280843336367,-3.9623458516981325,-5.238748807600691
all_olive,Montsià,2018,92,-0.4209999999999999,0.0212222222222222,-2.4008816178361103,-1.221189799337233,-4.12738149344112
all_olive,Montsià,2019,93,-0.0269999999999999,-0.4927777777777776,-3.3706554925638192,-4.651952369162243,-5.134902262519469
all_olive,Montsià,2020,94,0.4539999999999999,-0.0987777777777776,-0.5018231785835485,-2.4151045279415624,-5.47802350819161
all_olive,Montsià,2021,95,0.357,0.3822222222222222,-2.362991786391977,-2.8245568230021103,-4.854107417006599
all_olive,Montsià,2022,96,-0.608,0.2852222222222222,-2.155267926458858,-4.316204935650111,-4.932590155417342
all_olive,Montsià,2023,97,0.976,-0.6797777777777777,-3.565513630244858,-5.1317434105873065,-4.919567104524194
all_olive,Montsià,2024,98,-0.942,0.9042222222222224,-2.7413718257071165,-3.282543357359901,-4.032098053379478
all_olive,Noguera,2016,99,0.0365555555555555,-0.014,-1.7932859413613758,-5.967324442074769,-5.9031319580557104
all_olive,Noguera,2017,100,0.1765555555555555,0.0159999999999999,-4.099698332421026,0.1600542906577898,-5.300926317255852
all_olive,Noguera,2018,101,0.0465555555555555,0.1559999999999999,0.11862752374091802,-0.9761362197437353,-5.463950081289632
all_olive,Noguera,2019,102,0.0665555555555555,0.0259999999999999,-3.380483056691476,-5.663104920602612,-5.3344696160239815
all_olive,Noguera,2020,103,0.1365555555555555,0.0459999999999999,-2.030146364894194,-0.9285237261569206,-6.223885117965978
all_olive,Noguera,2021,104,0.0565555555555555,0.1159999999999998,-2.6136092894207534,-4.897450047001929,-3.5699247993519734
all_olive,Noguera,2022,105,-0.2874444444444444,0.0359999999999999,-4.724125718215125,-6.110402318995429,-5.432785306273558
all_olive,Noguera,2023,106,-0.0534444444444444,-0.308,-4.164953265192559,-2.702021768284452,-4.758725440515398
all_olive,Noguera,2024,107,-0.1784444444444444,-0.074,-3.191515315542607,-5.277710914228305,-6.779072691022649
all_olive,Priorat,2016,108,0.5058888888888889,0.3046666666666666,-4.012392964685478,-6.203069470144984,-5.645342006808732
all_olive,Priorat,2017,109,0.3208888888888889,0.3856666666666666,-3.689521213868285,-2.9178627380274573,-5.400161366608412
all_olive,Priorat,2018,110,-0.149111111111111,0.2006666666666665,-2.2045015298406963,-4.268089742524585,-5.295368160091704
all_olive,Priorat,2019,111,0.640888888888889,-0.2693333333333334,-4.063818096460308,-4.8769018474313395,-5.500440325226074
all_olive,Priorat,2020,112,0.0308888888888888,0.5206666666666666,-1.8364171306658919,-4.120537366018766,-6.150715425239649
all_olive,Priorat,2021,113,0.313888888888889,-0.0893333333333334,-3.3370229130546902,-4.655263656408721,-4.879409206833336
all_olive,Priorat,2022,114,-0.6561111111111111,0.1936666666666666,-3.8914751551012854,-5.711557390383552,-5.834551739519645
all_olive,Priorat,2023,115,-0.350111111111111,-0.7763333333333333,-3.4567942762278765,-1.6605621894819642,-5.4908747497391595
all_olive,Priorat,2024,116,-0.657111111111111,-0.4703333333333334,-3.891794310569048,-5.070376851701661,-6.329451077131219
all_olive,Ribera d'Ebre,2016,117,0.4441111111111111,-0.037,-2.550548210967074,-4.342703336010522,-6.496830233485769
all_olive,Ribera d'Ebre,2017,118,0.419111111111111,0.377,-3.094110687825755,-5.2994837642142105,-6.11846501468509
all_olive,Ribera d'Ebre,2018,119,-0.1538888888888889,0.3519999999999998,-2.726605022574021,-1.7026468430404769,-5.698765222723967
all_olive,Ribera d'Ebre,2019,120,0.239111111111111,-0.221,-1.0649308432614788,-0.4845929830786613,-5.747807665824263
all_olive,Ribera d'Ebre,2020,121,0.1741111111111111,0.1719999999999999,-1.937264700076787,-5.036178956681008,-6.135527120695342
all_olive,Ribera d'Ebre,2021,122,0.1841111111111111,0.1069999999999999,-3.49597453355478,-3.906365539827296,-5.723135829765924
all_olive,Ribera d'Ebre,2022,123,-0.5238888888888888,0.1169999999999999,-3.967410852815809,-5.722295246239872,-3.083729675011556
all_olive,Ribera d'Ebre,2023,124,-0.2088888888888889,-0.591,-4.339904603235266,-3.994946446326017,-5.6489349778246805
all_olive,Ribera d'Ebre,2024,125,-0.5738888888888889,-0.276,-3.537590584084701,-3.6519212917053245,-6.017483119324655
all_olive,Segarra,2016,126,0.1646666666666667,0.1043333333333333,-3.71867297709611,-6.336648279512435,-4.384010037922273
all_olive,Segarra,2017,127,0.2146666666666666,0.1343333333333334,-3.457392627630546,-0.6950725819104322,-6.056748980085353
all_olive,Segarra,2018,128,0.1046666666666666,0.1843333333333333,2.8831873737067184,-1.2126256013763732,-3.0168463037679163
all_olive,Segarra,2019,129,0.1146666666666667,0.0743333333333333,-4.058103415715842,-5.321805768013992,-5.593490553840549
all_olive,Segarra,2020,130,0.1846666666666666,0.0843333333333333,-0.07246424646677964,-0.5067709820393004,-6.202438594520662
all_olive,Segarra,2021,131,0.0746666666666666,0.1543333333333333,-2.782240974998371,-3.725772640863829,-3.813750690910879
all_olive,Segarra,2022,132,-0.4293333333333333,0.0443333333333333,-3.649393537604735,-5.685082181939325,-6.741274793781491
all_olive,Segarra,2023,133,-0.2903333333333333,-0.4596666666666666,-3.386328009332898,0.22326904955782645,-4.472997317906782
all_olive,Segarra,2024,134,-0.1383333333333333,-0.3206666666666666,-0.4249209619549303,-4.630045154319788,-6.349500801451327
all_olive,Segrià,2016,135,0.0043333333333333,-0.0206666666666667,-0.7948297922425002,-5.557724679904135,-6.654268614639109
all_olive,Segrià,2017,136,0.1343333333333333,-0.0006666666666667,-3.087299784166025,-5.949803930456975,-5.826491701785516
all_olive,Segrià,2018,137,0.0343333333333333,0.1293333333333333,-3.232801218978354,1.1269912159538407,-6.30010651349116
all_olive,Segrià,2019,138,0.0743333333333332,0.0293333333333333,-3.3247917753448566,-3.333031215716022,-5.4540160908825985
all_olive,Segrià,2020,139,0.1443333333333333,0.0693333333333332,-1.5081530830403254,-1.9462992956896834,-6.339358630263258
all_olive,Segrià,2021,140,0.0843333333333332,0.1393333333333333,-3.3738144068811593,-5.688981608911909,-7.012623338044297
all_olive,Segrià,2022,141,-0.3606666666666667,0.0793333333333332,-3.5916792244979434,-6.461644935682284,-2.828301401183027
all_olive,Segrià,2023,142,-0.0546666666666667,-0.3656666666666667,-4.341367431338258,-5.741937808654381,-5.549041734068326
all_olive,Segrià,2024,143,-0.0606666666666667,-0.0596666666666667,-3.9404688377355623,-4.836947989096493,-4.077365078979494
all_olive,Tarragonès,2016,144,0.0654444444444446,0.7324444444444447,-0.8605945149753047,-4.152447740724079,-5.396096883806141
all_olive,Tarragonès,2017,145,0.1074444444444444,-0.1095555555555554,-2.849884067386576,-5.2041445060899,-5.727820100947582
all_olive,Tarragonès,2018,146,-0.3285555555555555,-0.0675555555555555,-1.645946473869629,-3.9993367879459583,-5.26871341620765
all_olive,Tarragonès,2019,147,0.8204444444444445,-0.5035555555555555,-3.1630581348052607,-3.588933047123239,-5.386149763464887
all_olive,Tarragonès,2020,148,0.2024444444444446,0.6454444444444445,-1.7265578837557285,-1.9836319963494646,-5.21899830426103
all_olive,Tarragonès,2021,149,0.3494444444444444,0.0274444444444446,-2.989597235322355,-3.8167865058570527,-5.123975895314146
all_olive,Tarragonès,2022,150,-1.1965555555555554,0.1744444444444444,-2.114806748363932,-3.437958559912668,-4.30264197993928
all_olive,Tarragonès,2023,151,0.6474444444444445,-1.3715555555555554,-3.57298640664379,-2.9826185209861307,-4.4719503553437985
all_olive,Tarragonès,2024,152,-0.6675555555555555,0.4724444444444444,-0.8382724147674047,-3.62166357982222,-3.969447452901548
all_olive,Terra Alta,2016,153,0.2745555555555554,-0.1976666666666667,-1.9531602849590861,-5.379649634595399,-6.853996072282379
all_olive,Terra Alta,2017,154,0.6165555555555553,0.2163333333333332,-4.028952590751958,-5.875979683585787,-5.086674885877543
all_olive,Terra Alta,2018,155,-0.4224444444444446,0.5583333333333331,-3.1827811372958705,-0.6985194979405754,-5.029834281753336
all_olive,Terra Alta,2019,156,0.2745555555555554,-0.4806666666666668,-2.0716482460338836,-5.79843198926524,-6.616314656252886
all_olive,Terra Alta,2020,157,-0.0484444444444446,0.2163333333333332,-2.1716483386317975,-4.653788207677027,-6.47647684694068
all_olive,Terra Alta,2021,158,0.2885555555555554,-0.1066666666666668,-3.0224593455611464,-4.56885533796435,-5.87582396904436
all_olive,Terra Alta,2022,159,-0.7674444444444446,0.2303333333333332,-2.949225550995767,-6.267718644131118,-2.8203163094917443
all_olive,Terra Alta,2023,160,0.4475555555555555,-0.8256666666666668,-4.438505566079,-3.5546893971907862,-5.982761259810508
all_olive,Terra Alta,2024,161,-0.6634444444444446,0.3893333333333333,-3.463248784182624,-3.456644720183296,-6.467342201435581
all_olive,Urgell,2016,162,0.1495555555555555,0.0895555555555556,-3.962435974805527,-5.464936257183945,-5.965091258877316
all_olive,Urgell,2017,163,0.1695555555555555,0.1195555555555555,-3.594862836558975,-5.85590961284966,-5.983996904246485
all_olive,Urgell,2018,164,0.0395555555555555,0.1395555555555555,-1.1157389295731448,-0.07084465292387546,-5.596407522113356
all_olive,Urgell,2019,165,0.0595555555555555,0.0095555555555555,-3.285368317786795,-5.659131867590949,-5.2159484473376825
all_olive,Urgell,2020,166,0.1295555555555556,0.0295555555555555,-1.5369384942644853,-3.9491345326769483,-6.1333028099685025
all_olive,Urgell,2021,167,0.1295555555555556,0.0995555555555556,-3.367629068697349,-5.216086409521264,-5.081092199555318
all_olive,Urgell,2022,168,-0.4284444444444444,0.0995555555555556,-4.11133682323143,-4.505812598217804,-5.605764106601516
all_olive,Urgell,2023,169,-0.0984444444444444,-0.4584444444444444,-4.366525143931167,-0.5628041030221567,-4.444772070640331
all_olive,Urgell,2024,170,-0.1504444444444443,-0.1284444444444444,-0.9098174456870216,-3.9544589881282186,-6.833470159481161
