doy,beta_fpls_k1,beta_fpls_k2,beta_fpls_k3,beta_bayesian_median,beta_bayesian_q05,beta_bayesian_q95
1,-0.0007976643698021076,-0.0010860372772928148,-0.0007726448001578119,0.000929851879087755,-0.00016334546734102513,0.0020592858448502047
2,-0.0009749074658799803,-0.001508666923175528,-0.0010889157188797604,0.000927245310382484,-0.00014236832584050383,0.002027871209438198
3,-0.0018378872658997368,-0.003864587923417969,-0.004239546196237764,0.0009232492573060577,-0.0001224399670472985,0.002000011795467622
4,-0.0015789074719086882,-0.003224928793416898,-0.0034936301867032524,0.000920256742250887,-0.0001034416611363205,0.0019697944764208207
5,-0.0011124469540624111,-0.002059388250077099,-0.002328947606233469,0.0009175907923553602,-8.652344473842289e-05,0.0019422707931026303
6,-0.0006043712091158467,-0.0007559574490408936,-0.0007307419821887168,0.0009147351496792036,-7.004062255470749e-05,0.0019164224371191608
7,-0.00036348301436262107,-0.00016793913698106379,-0.00017152694344977186,0.0009113186480585121,-5.209880133335287e-05,0.0018886002672805526
8,-0.0007277815477216839,-0.000957433143888256,-0.0007949034800810636,0.0009067884880070735,-3.0010058334109274e-05,0.0018628384927045394
9,-0.000399311711840743,-0.0001009880354550165,0.00030269870635033094,0.0009038399422988931,-1.0101303556373425e-05,0.0018366822131510268
10,-0.0011560374650090857,-0.0021944609706250865,-0.002507115565529694,0.0008998329310153701,3.763161497995334e-06,0.0018133491397699902
11,-0.0008044628900676862,-0.0011562111629728868,-0.0010284962913054182,0.0008967297384076447,2.2394483857843884e-05,0.0017852065201956033
12,-0.00032263996439802444,4.298519462182541e-05,0.0002624612492107574,0.0008963040796993509,4.027544328876213e-05,0.0017588240740998586
13,0.0003442971712939809,0.0017479530733168975,0.0022581707652541694,0.0008936034724899337,5.407284092530784e-05,0.001734577061943196
14,0.0002540763020645332,0.0013380240764307935,0.0014459200840031675,0.0008922726816284685,6.925864366387631e-05,0.0017107187962301397
15,9.278440220739041e-05,0.0010656001490913928,0.001050647508455356,0.0008903348192948417,8.334084847180558e-05,0.0016880928535410687
16,-3.314815435145314e-05,0.0008262681889232574,0.0010602556274633469,0.0008869320357282866,9.994832639729432e-05,0.001666303996768257
17,-0.0005233706897011074,-0.0004101905062574055,-0.0002439323214427201,0.0008831457986227414,0.00011529115149382155,0.0016448820464193931
18,-0.0005134288789508347,-0.00038080018313491537,-0.00037730132493524605,0.0008813684840376271,0.00012879057187092672,0.0016245692904303661
19,-0.00034006805175697496,1.0543162422383322e-05,0.0002065323313918851,0.0008766760508789125,0.00014311167192462325,0.0016046981750359828
20,0.0006550218732566695,0.0024198015647993363,0.002544835212959203,0.0008735508577919047,0.0001591599405546947,0.0015846325224037944
21,0.00011767452002732265,0.0009052087128516353,0.0006944299526069461,0.0008707323126591067,0.0001711059209891417,0.001563252256232767
22,0.0007064413177228293,0.002448207213273542,0.0026335040171898516,0.0008671521457885741,0.00018618827153571064,0.0015443067650318905
23,0.0006580958450550362,0.0021743033607284743,0.0017983567347628225,0.0008644246132187043,0.00019727062050790524,0.0015272097936067667
24,0.00032583218248519126,0.0013807537574327359,0.0008699888819259656,0.0008601914495704456,0.00021262550870322392,0.0015074267240683743
25,8.988883827112526e-05,0.0009140873589829695,0.0007072520724361847,0.0008581586452290296,0.0002252497995478012,0.0014906719440325779
26,0.0003074828399755265,0.0014638625598952374,0.0014718407803132206,0.0008550642205350433,0.00023390855896630283,0.0014742541650490655
27,0.0007342919141036513,0.00245102635117691,0.0022407651720952634,0.0008512671979567928,0.00024499150191255824,0.0014583893240964808
28,0.0009342176650283927,0.0029153444938426224,0.002611569165428963,0.000849329427371261,0.0002576186338064225,0.0014426148317768007
29,0.0005374432316194494,0.0019764316975082285,0.0014660114460328497,0.0008459000261206483,0.00026684556492989956,0.0014262136261018515
30,0.0005402288434666517,0.001832911374908754,0.0009949392384053458,0.0008437604860437335,0.0002764389872037531,0.001411152468966846
31,0.000738003540440918,0.002412799017670676,0.0020344370304883137,0.0008397661200684892,0.0002841027868136385,0.0013968420194534561
32,0.000900786064935402,0.002835853842977717,0.002648745002839098,0.0008372132719512296,0.00029135999548076687,0.0013832350174912949
33,0.0003618134689184317,0.0014115719302305373,0.0009166562305947674,0.0008339572039946109,0.00030006802419962837,0.0013697707584114335
34,0.00037161212041171565,0.001565100410761961,0.0011904840102223335,0.0008325316634108091,0.0003084442405478148,0.0013557634227875039
35,2.414254703422179e-05,0.0007573719451756484,0.0005788016138447521,0.0008305964016609561,0.0003171010013266379,0.001342001620095213
36,-0.0001739419723492026,9.82992193273372e-05,-0.0003939098712752904,0.0008288567639078523,0.0003241038729177123,0.0013323672417228552
37,0.00046696587548593414,0.0017835931749341915,0.0013694712276930833,0.0008262315150387972,0.0003314722098463668,0.0013212186219636979
38,0.0006254399548268611,0.0023554542432909797,0.002346711726693328,0.0008239426135416227,0.00034019618783072956,0.0013107560302867995
39,0.00033316579400101816,0.001665857971769028,0.0015886167559028357,0.0008220413047173255,0.00034982586466125254,0.0013014444418345888
40,-4.8260655004547775e-05,0.0007220814810076074,0.000437852996716513,0.0008190161069404237,0.0003562593897806935,0.0012919294479819953
41,0.00029687236725861225,0.0013780465469805472,0.0007320215617115091,0.0008174209145491689,0.0003610189293354631,0.0012824215005215116
42,0.0005274711991777306,0.001955269306658063,0.0015007755641869883,0.00081378448520747,0.0003662324841869313,0.0012712708852166351
43,0.0003870864548394285,0.0015103043028874916,0.0008990541822667483,0.0008113886597884759,0.00036971291955538975,0.0012632262971028084
44,0.0003398751869014816,0.00142631152770563,0.0008344708361731335,0.0008089356743239176,0.0003742452627987217,0.0012511699524389121
45,-0.00026060102058054503,-7.36900653305089e-05,-0.0006305319258836444,0.0008063982641821443,0.0003756791450043962,0.0012437298334999679
46,-0.0006472801402422161,-0.0009689395249992361,-0.0015758025667321827,0.0008040290390759082,0.00037972013771145205,0.0012368325238524928
47,-0.0009629025289187758,-0.0018569412323893974,-0.002603889305257349,0.0008019930955295944,0.00038702078886665713,0.0012279956238064895
48,-0.0012341839841884276,-0.0025703565731951994,-0.003232816786768226,0.0007999354934380405,0.0003880691431611962,0.0012225665136975353
49,-0.0005453878458668663,-0.0007056562103732621,-0.001067879202718301,0.000797005114478716,0.00039156272838185166,0.0012150610761471681
50,-0.0006005616042246698,-0.000873380446382725,-0.0012669171383078383,0.0007948588511649711,0.0003934127397917379,0.0012104965734193076
51,-0.00024794082685629734,0.00010995619449116738,0.00021208217531523633,0.0007923653333672875,0.00039305807627155044,0.0012038783685610766
52,-0.0007412504964424102,-0.0011619151109045853,-0.001348316511753857,0.0007905688033538931,0.0003924711915950281,0.00119967936254658
53,-0.00021559561043072939,9.470724874006075e-05,-0.0003297243442217804,0.0007879269974094059,0.00039171324012983607,0.0011923542855353552
54,0.00036972475211990324,0.001681522418134852,0.0017286021675891464,0.000786131728121968,0.00039219397011747034,0.0011855031201811331
55,0.00016280589103857273,0.0009374857075243453,0.00012290305658071136,0.0007854562715710461,0.0003913452871795421,0.0011834703136017744
56,-0.00012456949080510193,0.0003751009483023511,2.2347712995576037e-05,0.0007833089699442468,0.00039199145053678855,0.0011792200869687906
57,-0.00046001799195594486,-0.0005140244250729679,-0.001208507196835454,0.0007821978278236838,0.00039243396632248603,0.0011767403667885222
58,-6.679348356006398e-05,0.0003575422503773629,-0.0004916854405217831,0.0007810039652665251,0.00039158393061953443,0.001171647823437521
59,0.00020849214493334997,0.0010666947664019614,0.00034910049847484113,0.0007796353238056526,0.0003925020237217008,0.0011684561664736092
60,0.00024900292304093433,0.001192562089233671,0.000603481663051601,0.0007781737296892794,0.00039067161914482486,0.0011644482649332591
61,-0.00014330152872519687,0.0001027781617453746,-0.0007539196254451443,0.0007774393999719731,0.0003900033389194063,0.0011601956967513278
62,0.0003469341181694046,0.0014811236972203416,0.0012306287952998575,0.0007776267760937704,0.0003885034406028193,0.001158384743690089
63,-5.700662876446024e-05,0.0003384136083309376,-0.00033100035655533454,0.0007772376648614939,0.00038764301339680435,0.0011565925044019884
64,3.39537816499998e-05,0.0005747555733036345,-1.6060066353325512e-05,0.0007758962557946282,0.00038807905470914547,0.0011543570059708995
65,0.0005885702191557038,0.0022324134910983577,0.0024103097699577523,0.0007751967932155821,0.000386847918459008,0.0011537932717542185
66,7.143353686306795e-05,0.000939954429449068,0.0006436426069444471,0.0007735386452280143,0.00038455212289557905,0.0011549608806196543
67,-5.2856713982459076e-05,0.0006858923981243481,0.000759587865913292,0.0007727553006301093,0.0003829520182851551,0.0011550452988920213
68,0.0001411250950475835,0.0014268132073429242,0.0023386002459758713,0.0007707724550692012,0.0003810524554187769,0.0011564681514931428
69,-0.00010372921895538953,0.0008044939681942228,0.0018784539292118273,0.0007699603462122589,0.0003792853792454405,0.0011533350858224868
70,-0.0004101457325619725,4.389644501008213e-05,0.0010545218442159859,0.0007682006101207897,0.0003787997923559786,0.001153440268131134
71,-5.327029507754503e-05,0.0007997469176559302,0.0014917729345245805,0.0007676320402477479,0.00037670623580829697,0.0011526497499866398
72,0.00018628072298516036,0.00134399765090595,0.0019326207183850764,0.0007660513390108392,0.0003730064973702162,0.0011516012020686016
73,-0.00016117506202620622,0.00046759464586356076,0.0007634336018713309,0.0007649582960247705,0.0003710146597062062,0.001152027650530099
74,-0.0011670627237144475,-0.002201020788325824,-0.00235264142127872,0.0007631116156460311,0.0003699238641008048,0.0011520858532712353
75,-0.0011910000739964691,-0.0023911099746484034,-0.002967360667075078,0.0007613792892209659,0.0003706720157021556,0.00115224691049228
76,-0.0006030983976227408,-0.0007718997496601584,-0.0008421222990263251,0.0007602909582171316,0.00036624468107352397,0.001150078520446073
77,-0.0007864303742901904,-0.0012391332692060627,-0.0015617784009773052,0.0007580374136821712,0.00036381876253186596,0.0011496114782147376
78,-0.0005984795285009685,-0.0008053867435358391,-0.0011273914984559392,0.0007558658824182222,0.0003613000956476263,0.001148406959264719
79,-0.0007083159899926025,-0.0011273957060867119,-0.0014951151853275675,0.0007541634268204837,0.00035828717841690884,0.0011479319498330087
80,-0.0007051046428907487,-0.0008513357446462844,-0.000735810357314427,0.0007527535443375208,0.0003570677846161813,0.0011479005674329343
81,-0.0003846389047297605,-0.00010898955184135074,-2.9686624962421166e-05,0.0007518649357479951,0.0003561017154256423,0.0011483356356141027
82,-0.00041631933494902924,-0.0001601206048200818,-0.00012094540040877191,0.0007497922297930305,0.00035249061741941725,0.0011481722864936888
83,-0.0004977578374845993,-0.00042898964150088486,-0.00022047687442121577,0.0007481421750603482,0.000350730469318877,0.001148106313154088
84,-0.0008561791257658628,-0.0014177234309045964,-0.0014774151158391596,0.0007460815811393083,0.0003476448169742754,0.00114677400155772
85,-0.00029221783428547355,0.0001569433267189234,0.0003683775131805893,0.0007443271405396022,0.0003449214008880972,0.0011479759654463829
86,-0.0002730729508135753,0.00013019423315396107,0.00015856473823928712,0.000743287979002098,0.00034227368174091744,0.0011476641047122016
87,-0.000721490656536279,-0.001070211774222923,-0.001317595382627076,0.000741984359625317,0.00033997327589025615,0.0011482081889578413
88,-0.0006401794805855236,-0.0008533362527853672,-0.0008583082960917662,0.0007402160253921657,0.00033686672024897007,0.0011462256867292794
89,-0.00015133732705741113,0.00039706912927906695,0.0008765015541567643,0.0007383504041521804,0.0003343150503304275,0.001145159055327398
90,-9.890387611540277e-05,0.0005917967826475593,0.000984402919357452,0.0007375684383975943,0.0003317513456097478,0.00114599371211419
91,0.0008603956659318846,0.0029193257475912896,0.0032478093017942935,0.0007362045834201847,0.00032846818456993816,0.001146024589782873
92,0.0005972286840087539,0.0021579855376207446,0.002263524426555633,0.000734656443974215,0.0003253091928140316,0.0011464609069527286
93,0.0007699566796566549,0.0026204063391650203,0.0028641379109466255,0.0007329662859357919,0.00032282649466448295,0.001145883475750225
94,0.00016575400046748448,0.0011080704821209038,0.0010684608683656147,0.0007313751540160196,0.0003199385548527895,0.0011444047176991721
95,0.0005231542226319103,0.0019972570395409947,0.0019243574077892698,0.0007306430174547452,0.0003180952130548607,0.0011444163107831142
96,-0.0001575478742130066,0.0002773826856573739,0.00019155185014274554,0.0007296001088525743,0.0003166943295979388,0.0011437168142837476
97,-0.0009793869569039281,-0.0018068368946392085,-0.002208254846591758,0.0007287170528977343,0.0003159136243078964,0.0011443319050699265
98,-0.0010365810028905049,-0.0018949225978452794,-0.002124790620707759,0.000727132129766281,0.0003141620601563007,0.0011442107998463518
99,-0.0003328254741111035,-0.00016725223746156696,-0.00023066113917121378,0.000725653738634937,0.00031238831181078176,0.0011448715813004873
100,0.00010470467630463239,0.0010026653311914389,0.0011067762280305227,0.0007237958061725696,0.0003092657429708937,0.0011437078685392903
101,0.00021163848430919311,0.0012945919793727386,0.0015989395787213067,0.0007224012298712326,0.0003079712409028551,0.0011428113472766335
102,-0.0005611628918425923,-0.0006408274292104011,-0.0007059497794256143,0.0007221602668085083,0.00030635179729148756,0.0011428554037843414
103,-0.0008550308071850445,-0.0014506393943342804,-0.0016332424765469415,0.0007206778226230728,0.00030393229143296986,0.0011427504941025125
104,-0.0002284511420606515,0.00011890519272003877,7.275775675611674e-05,0.0007192734302536173,0.0003003797486960993,0.001143060167028939
105,-0.00035837144459040156,-0.00024632242770620605,-0.00023210196328600933,0.0007181100804706035,0.00029820297745738935,0.0011439832992297416
106,-0.0005034795342033851,-0.0007494155662489063,-0.0009391049263602507,0.0007167422170462337,0.0002959612891632359,0.0011422256509402023
107,-0.0001976194101073665,0.00016521473762949978,0.0001800320307732613,0.0007153622743213263,0.0002920447007364593,0.0011400288258916341
108,-7.79502719398123e-05,0.000439977957239003,0.0006581242039103842,0.000714159562505048,0.0002889429471543299,0.0011383545150411348
109,0.0002674252802254617,0.0012818548585923802,0.0013448856542135153,0.0007121220125533335,0.00028535175787869284,0.001137640434623377
110,0.00026527928878219487,0.001261403931511964,0.0014990668985132626,0.0007100382049272824,0.0002817463617614762,0.0011369504830244998
111,0.0001449579565516137,0.001084442485563445,0.0015010752382953834,0.0007090512789341326,0.00028078138939171394,0.0011351833460624824
112,0.0002983164701014468,0.0015498499227713854,0.002242311110779053,0.0007078122124419305,0.00027793727424675624,0.0011360384213231938
113,-7.515348029037353e-05,0.000504771454908131,0.0009466082490482841,0.0007054680740151635,0.0002745149888498719,0.0011362803276458624
114,-8.521729062161391e-05,0.0005978836637190055,0.0012416171909827563,0.0007040643008698615,0.0002730254173309743,0.0011334826466254146
115,0.00019248983704694197,0.001230119879257652,0.0018277366733950454,0.0007031351787729055,0.0002713941195167007,0.001131755328762732
116,0.0001517440962776303,0.001173833712975186,0.00205380457906527,0.0007024800894724606,0.00026941763297274473,0.0011304634301550376
117,-0.0008257992873140957,-0.0013737032511980556,-0.001224542016341547,0.0007016266212033074,0.0002679385878397987,0.0011294795059533297
118,-0.0007797207516368801,-0.0012243988261252164,-0.0008617358588138065,0.000700697288114548,0.0002661007784730621,0.0011280914845543716
119,-0.000560359721851501,-0.0006302161630747269,-0.0003011824724692974,0.000699526067469537,0.00026315784446067606,0.0011282566754983684
120,-7.11746665026568e-05,0.0005722757773013686,0.0009118530896177782,0.0006979416216209236,0.000261475421094446,0.0011295520297199546
121,-0.0002814644625505846,8.55088894458285e-05,0.00032864647897522454,0.0006957889916107318,0.00025942188008578823,0.0011278442752219882
122,-9.810757220005561e-05,0.0004463203182807522,0.00046588872449028517,0.0006942902968523834,0.00025764828715216644,0.0011262529859848093
123,-1.1593715311167726e-05,0.0007316814495536852,0.001242086502737531,0.0006920517854327966,0.0002556022828519435,0.001125380213441409
124,-0.00030849980711962727,-1.1372952622634543e-05,0.0004323642324751165,0.0006902965001723446,0.0002545270656040228,0.0011244860093291866
125,-6.011796353791047e-05,0.0005868063328287973,0.0010588360320712101,0.0006889868423260818,0.0002522876586902768,0.0011233825412919796
126,-0.0001965726258235686,0.00035225306243179516,0.0007609223401376314,0.0006883157068466514,0.00025040330984817046,0.001123106928326222
127,-6.184730744702204e-05,0.0005897175020909976,0.0010751622594745325,0.0006873676491191813,0.00024911380133089137,0.0011205670496862246
128,0.0004572753100683356,0.0018290607572935338,0.002357481913260865,0.0006859710123824145,0.00024701918101555846,0.001119635607110235
129,0.00030525112310298346,0.0014836871790794826,0.002071856735522584,0.0006844758248700225,0.000245381821239212,0.001117194778537159
130,0.00019305233910213318,0.0010504475703864546,0.0012505542519443572,0.0006826598006807033,0.00024313588666133537,0.0011142634224135316
131,-7.182996690624286e-05,0.0004155224142217371,0.00037452538370928343,0.0006808871405418019,0.00024270735807862433,0.0011113922376243123
132,-0.0004783468244301832,-0.0004812042159952292,-0.0005167345523584922,0.0006785049289310073,0.00023955798730069004,0.0011081181549385183
133,6.267936278403818e-05,0.0008076338232635346,0.0007944824395600389,0.0006774893897260123,0.00023792665846583094,0.001108241054634183
134,-0.0003199253372920235,-0.00020239958670181134,-0.0006041570691896289,0.0006758879105419355,0.000236747929718571,0.0011070419728609554
135,-0.0004225682182579992,-0.0005285352407058957,-0.0008737418467626851,0.0006732674365875606,0.0002333237807344618,0.0011042186031217
136,-0.0002675758277748628,-0.00017991995233936664,-0.000494142736134979,0.0006712117995307373,0.00023192529223892093,0.0011019994754557848
137,-0.00045931544910753904,-0.000779536420600096,-0.0013406881446010263,0.0006688813849060323,0.0002306586506989689,0.0010997289076024061
138,-0.0010542463145294867,-0.0020833067408259813,-0.0024904623283650298,0.0006673838964563522,0.0002294829090330445,0.0010981596738282905
139,-0.0012061121001230508,-0.002502756660897189,-0.002956778858737593,0.0006649526040947817,0.000225715931232374,0.0010961128805409062
140,-0.0012598714108263576,-0.0026554625579388574,-0.0032772433358272913,0.0006631232124632953,0.0002224182254985754,0.0010934268552674259
141,-0.0007731160795681881,-0.0014201239424485386,-0.00189709082542835,0.0006615314976953997,0.000219382865786449,0.0010916205471491406
142,-0.0005380682434290748,-0.0007870635578623805,-0.0008960816522588032,0.0006594025514809279,0.00021534254307339565,0.0010906155089056159
143,-0.0007647164509504211,-0.001391783323210129,-0.0016401585406694257,0.0006571635607097003,0.0002135470060999774,0.0010880612262135147
144,-3.942528917433323e-05,0.000441594538461788,0.0004116096118384789,0.0006551642471975855,0.00021159516794228865,0.001087317516127965
145,0.00032413401440414174,0.0013195912267690388,0.0014262429806368025,0.000653071744365912,0.00020863469325352473,0.0010864335538502733
146,7.298590236550797e-05,0.0006828222745665825,0.0006076323474819737,0.0006505113677220517,0.00020629739453832823,0.0010832716694898527
147,-0.00022466508447359737,-0.00010585236695368252,-0.00037617714458421407,0.0006490807338163074,0.0002028649726204578,0.001081929575744809
148,-0.00027942949249067724,-0.0002727154398022929,-0.00046794516249068247,0.0006475354344039799,0.00020153565512137823,0.001080090956891421
149,-0.0004701092141950104,-0.0006490542527852355,-0.0008420527684949369,0.000645796185901002,0.00019720173791734223,0.0010782159272996184
150,-0.0002929956888288447,-0.00015032450668976831,-0.00029288765334749213,0.0006439535992056704,0.00019433090932412215,0.0010772205119803074
151,-7.125342482061258e-05,0.00041627940933777367,0.0005323639604479247,0.000641876220429231,0.00019119078872978192,0.001074973467523501
152,-0.00025015840608774703,-3.4529793457837134e-05,9.197705103598332e-06,0.0006391401795397429,0.0001878755473944243,0.0010736821366685888
153,-0.0002816439970797764,-0.00023839518856267025,-0.0004493686093324536,0.0006363503042634498,0.00018621640397781085,0.0010710026397085077
154,-0.00020303127742441417,1.0478606019736304e-06,-0.00015937664021328248,0.000633810202732832,0.00018323661830477934,0.00106848164789192
155,-0.000244299578037955,-8.698937303888475e-05,-0.00023322897132397002,0.0006308853132233289,0.00018027954218901134,0.001066045405667597
156,-0.0006029194099687508,-0.0009528221709042264,-0.0011408101154837611,0.0006270226877273146,0.0001772985817782828,0.001062657634842637
157,-0.0008098538779585493,-0.001414810733319551,-0.0016151776143039868,0.0006240248356002419,0.00017302783410287528,0.001057904061809178
158,-0.000667487519372899,-0.0010124225843460184,-0.0010415363307404168,0.0006203718324800705,0.00017066067411300426,0.0010582273698976736
159,-0.0008159548413136675,-0.0014479867374140062,-0.0017897395099275848,0.0006176948303390824,0.00016596794431868376,0.0010569086467273165
160,-0.0004808221011528077,-0.0006981046187157177,-0.0008148501412757114,0.000615003371428547,0.00016212506804637097,0.0010552262277224228
161,-0.00021872820057332597,-2.606272038495126e-06,0.00019189860974926426,0.0006134094591826381,0.0001592827702348276,0.0010533314965884652
162,-0.0003167156939647536,-0.00014609543184490326,0.00017202604518021928,0.0006112559112989747,0.00015623012353405472,0.001051795503496902
163,-0.0005478712597762884,-0.0007561026977865651,-0.0007364124606591667,0.0006077134575769041,0.00015182387453240392,0.0010492396313481012
164,-0.00018206923755703083,0.0001685685851894667,0.0003270867775805143,0.0006042651306361268,0.00014743972770638766,0.0010478974102372666
165,-0.00015360212409649534,9.842769846243593e-05,-0.00020349478373547536,0.0006004302267887641,0.00014442698028921007,0.0010458352788407295
166,-0.00040616243021769307,-0.0005832876138989701,-0.0008853550613498268,0.0005971355544669686,0.00013920854253239538,0.0010442499434294792
167,-0.00022800620378354185,-1.493914325127772e-05,-0.0001861501681282677,0.0005941283830755407,0.00013543582253868362,0.00104175860477858
168,-0.0008074367513547792,-0.001453603457848138,-0.001670049142135983,0.0005901927318111553,0.00013116800876582582,0.0010384914363358857
169,-0.0008224570556317395,-0.0015024083543866932,-0.0017588817153391973,0.0005873750020825306,0.00012619296561011909,0.0010360391723351716
170,-0.0007516668707926241,-0.0014149280471813497,-0.0017976746968371652,0.0005833501251513676,0.00012146010097098773,0.0010331519435274117
171,-0.0003623787595333853,-0.00037337681875797935,-0.0005602781876873622,0.0005805078433400536,0.00011592056641006843,0.0010302533439196895
172,-9.664070249269475e-05,0.00036423889160208553,0.000599256963720978,0.0005769199374041991,0.00011057307945817238,0.001028230097733208
173,-0.00015669773611505982,0.00019148360160515984,0.00047122653572489553,0.0005732386185358088,0.0001054460634010054,0.0010252526223216353
174,-0.00021621415262802304,-2.8747050633384765e-06,1.7518011935704277e-05,0.0005694341691426514,0.00010119144375197322,0.0010232137886469679
175,-0.0003264413116220226,-0.00029969601401340536,-0.00043004619132188803,0.0005656658988259871,9.585925383946955e-05,0.0010227170471379234
176,0.00026098665521017507,0.0012185124836617885,0.0013588725886953467,0.0005614903945222452,9.05704308907774e-05,0.0010212782321704374
177,0.00012423824349901767,0.0008724171418932517,0.0011741873859882036,0.000557597488910022,8.721695248245707e-05,0.0010179359733837245
178,0.00026713436192045333,0.0012728761431987866,0.001530650914321528,0.0005526990454574921,8.045442994527819e-05,0.0010162568470235814
179,0.00048648172416136616,0.0019052797972502076,0.002553623388693306,0.0005478099979771586,7.450688251762286e-05,0.0010137253833292972
180,0.0001839826658010351,0.001027390551191313,0.0012196646706920376,0.0005423831732978683,6.809570579323137e-05,0.001010914323105961
181,-3.630179211587367e-05,0.00035935232896418045,0.0002069074936303681,0.0005384661955400668,6.175777539769927e-05,0.0010074690235324058
182,0.00022535269764979363,0.0010525183708339997,0.001040163430689375,0.0005339307732703908,5.602840416184908e-05,0.0010047111100040902
183,0.0001876001124394863,0.0010580678986130414,0.0014534787921336083,0.0005288973568269714,5.107842087708744e-05,0.0010023796698295068
184,7.800638068249967e-05,0.0007662022233126404,0.0010597703885283872,0.0005241150473497709,4.521474431587121e-05,0.0009982195854759336
185,-0.00010261873624198632,0.00031466672071369387,0.0005040763817131231,0.0005192056931329867,3.929264446803116e-05,0.0009949124551245267
186,-0.00015237262944954686,0.00018906043735577395,0.00027034747804587073,0.0005142247793231375,3.3518494807613475e-05,0.0009923620200797086
187,0.00042063407912414563,0.0016335517538040463,0.0019619872918134897,0.0005091325932415043,2.722478108505648e-05,0.000989103043683691
188,0.0007817378608437576,0.0025954086227327994,0.003078852501764016,0.0005027115619724506,2.1599141347727208e-05,0.0009852633285485927
189,0.00043042012581753764,0.0016783662921086985,0.0019284170461036597,0.0004963645039757613,1.5024913440545834e-05,0.0009801274312215438
190,-4.200148662336925e-05,0.0005479069004900868,0.0007415022854422384,0.0004908388140344229,8.806167736461519e-06,0.0009753790609998978
191,-9.819679107548647e-05,0.00039137797546769435,0.0005642268580581476,0.000484539451224296,2.0456698418013007e-06,0.0009678098640984173
192,-1.4617756389473717e-05,0.0006021842013486021,0.0009109604204238337,0.00047811648306305776,-5.544099152017036e-06,0.0009644292412599419
193,-0.00015758564073480228,0.0001884650125797559,0.00029907893324809863,0.0004707070234597779,-1.4120471726254476e-05,0.0009603818249241942
194,-0.00032589530605513304,-0.00020050759049764665,-0.00028781872397894446,0.0004638271813081578,-2.184907652691969e-05,0.0009557065483090315
195,-0.00019607622798486598,0.00014957116903518584,0.0003392011506234452,0.0004570213667352091,-2.8315208748781748e-05,0.0009510710860080157
196,-0.0005807868332040113,-0.000790658711780921,-0.0005727308530257111,0.00044872648087214894,-3.641535915561601e-05,0.0009447670704059485
197,-0.0008626834264883454,-0.0015494777334127186,-0.00157181502502971,0.0004405832216477522,-4.213709969059915e-05,0.0009394210096764728
198,-0.00036267203238907566,-0.00028590011682142104,-0.00019321895681566738,0.00043235399779208795,-5.0317924574984966e-05,0.0009336216759016321
199,-0.0004223485457862873,-0.0004795696984399815,-0.0005226501121925096,0.00042511826955862086,-5.888272385876812e-05,0.0009288342874781333
200,-0.0005408177806900783,-0.0007214866819565676,-0.0006924660604094918,0.000417031645111234,-6.799998604105619e-05,0.0009219795016363897
201,-0.00019204017012197807,0.00011820252376766228,0.0002115382911513749,0.00040789719272468924,-7.665229061565777e-05,0.0009145515433059468
202,0.000105805110852446,0.0008475252842110966,0.0009695644235581546,0.0003993090126070771,-8.468366873592432e-05,0.0009070595607475952
203,0.00021146310741221465,0.0011357231754867895,0.0015072659373221442,0.0003897332477054208,-9.248577869292757e-05,0.0008987454165217664
204,1.1145643364831346e-05,0.0006334239809544813,0.000753168102779622,0.00038073881024520333,-0.00010115219348494711,0.0008892370264086156
205,-0.00042092747162853595,-0.00047823845820880236,-0.00038830744311330425,0.0003713834924640994,-0.00011072602837385707,0.0008800957780748625
206,-0.0004674173543199109,-0.0006472325835773799,-0.0007903695353140826,0.00036169110836579445,-0.00011856072818564014,0.0008728224176179036
207,-0.0003001974802111019,-0.00031729668391637184,-0.0006703613384067907,0.00035134311373278784,-0.000128342684859536,0.0008629637583389789
208,-0.00023364526462842962,4.988111681933371e-06,0.00018368237012112774,0.0003413686370462089,-0.00013780365374960906,0.0008530398872204048
209,-0.0005290449345489131,-0.0007687745555298185,-0.0009543023259653226,0.0003302990204163657,-0.00014833033412411402,0.0008444292218626559
210,-0.0004725310564512318,-0.0005227090062220525,-0.00037330917563325756,0.00031876503699972115,-0.00015806444198037,0.0008346188413482528
211,-0.0004590034924374415,-0.000646190398925586,-0.0006399277106341028,0.0003070527132467445,-0.00016791327187429568,0.0008255498778937656
212,-0.0004655792991780854,-0.0004977904265819761,-0.0002794454867899509,0.0002946251241288765,-0.00017638869020136257,0.0008140680669422699
213,-0.0005109150671150396,-0.0006377164609798866,-0.00034573864032869626,0.00028231302679424084,-0.0001880476735951942,0.0008032838349546667
214,-0.000621238787499504,-0.0008705888470780352,-0.0006985418608340985,0.0002705498841214539,-0.00020034917300296024,0.0007925768949322323
215,-0.0002786991801886198,-9.639274114587817e-05,2.0735435683172042e-05,0.0002578950819516314,-0.00021092714364572552,0.0007799770201429462
216,-0.00028456277901364616,-0.0003690251291837946,-0.0009609123408964983,0.00024536952666760536,-0.00022143489530184715,0.0007671737173480348
217,-0.00045551416472882635,-0.0007815503115246226,-0.0015325674834991004,0.00023220852817906268,-0.00023322961618064725,0.0007550258404530423
218,-0.00033671843193676913,-0.0003803915259761597,-0.0007895946211062085,0.00021832979567550215,-0.0002450378772436418,0.0007430710721362513
219,-0.00038745244627088514,-0.0006474117807036858,-0.001300613320374185,0.00020363823652737146,-0.00025630600867750336,0.0007290871710342279
220,-0.00018649447440244449,0.00013514682331200857,0.00023975514242769637,0.0001899085942647895,-0.00026951084554638767,0.0007141102259082607
221,-0.0003795388380548262,-0.00034213127166343965,-0.0001773917163743052,0.00017487827498076619,-0.00028244255478450907,0.0006990409078195845
222,-0.00046838976750963624,-0.0005792735039787443,-0.0004713226461287742,0.00015924013933330634,-0.0002953072625046251,0.0006843011445044488
223,-0.0006748906748310906,-0.0011683589975060539,-0.0013992017260741503,0.00014360836722711784,-0.0003122410910841681,0.0006692488397930228
224,-0.0008223496953435455,-0.0014671334512648146,-0.0016527647855635226,0.00012823305899487483,-0.00032459970442995633,0.0006532439501193494
225,-0.0011303341313698826,-0.0021860967779591344,-0.0024472040157077395,0.00011191151689896771,-0.00033797412461445076,0.0006377298641795819
226,-0.0007558588986203953,-0.0012621262281765579,-0.001164198105639909,9.521652073050612e-05,-0.0003509356156922468,0.0006212858813200029
227,0.00013260259628961217,0.0010394924055315542,0.0015236448495878393,7.810305428825203e-05,-0.00036590121626582184,0.0006047931960469091
228,2.0201787270175397e-05,0.0007629269711125956,0.001172421299240122,6.145720881482465e-05,-0.0003802229828712902,0.0005870143519478997
229,-5.486552283285518e-05,0.0006101786365591732,0.0009825822927221083,4.3572520427987416e-05,-0.00039481031196824474,0.0005692081557971547
230,0.0003618234886000574,0.0016217276607335793,0.002030792626329329,2.503751883045926e-05,-0.0004085704596773622,0.000551971196527913
231,0.0009941848218884208,0.0032746502586496976,0.004044313286866994,6.333503134676186e-06,-0.0004234808681867414,0.000531271241664949
232,0.0004545926568922765,0.0018746912430615602,0.002376518575646029,-1.2291409208167002e-05,-0.0004386268730193596,0.0005115987066785215
233,-0.0001589372415664714,0.00040674858905416776,0.0007841516741784096,-3.178233203136001e-05,-0.0004559051044857787,0.0004925357237448239
234,-0.0005238848091462553,-0.0005655137986449562,-0.00034712342727861897,-5.2602861359295205e-05,-0.00047226646352504614,0.0004709601616729035
235,-0.0004103564176597871,-0.00037108600743036575,-0.00019835190209982614,-7.31245991989419e-05,-0.00048826140847472847,0.00044825055345131833
236,-0.0004879251480226952,-0.0005146548333873096,-0.00012288554164148604,-9.35083036072963e-05,-0.0005043110014003615,0.0004267930210663758
237,-0.00024795062008374296,0.00014554689055996622,0.0005044907632707688,-0.00011434924249384888,-0.0005201995686698312,0.0004052975478884456
238,-8.789266121553202e-06,0.0007274224052522605,0.0010192299762794607,-0.00013450834640647475,-0.0005382330109696204,0.00038354443589893645
239,8.727541345159659e-05,0.0006622479899052095,9.142598520023892e-05,-0.00015593963786155886,-0.0005576300266075096,0.0003614351985488624
240,-0.000324442870626485,-0.0003949929710726613,-0.0010521809355126736,-0.00017781617870402973,-0.0005757661996063031,0.00033579896252941733
241,-0.0002697104008940687,-0.00023094020981712495,-0.0006811708639071619,-0.00020030271307459462,-0.0005946348093284102,0.00031226728491590974
242,-0.00046176744106777895,-0.0008020560063627115,-0.001377746965636772,-0.0002234670299369697,-0.0006139018520054437,0.0002871256936259004
243,-0.0006095666996043464,-0.0011209372822476777,-0.0016618878017982126,-0.00024794025879612156,-0.0006360421750337105,0.00026293274560136565
244,-0.0002858298970985652,-5.21769300367972e-05,2.588907959927294e-05,-0.00027103711940572973,-0.0006576746654710135,0.0002372579118162092
245,-0.0009786079842569809,-0.0019020769386637322,-0.002333179296918876,-0.00029466753582196484,-0.0006771910600286507,0.00020799583106218073
246,-0.0008932019980630727,-0.0015663150284668003,-0.001616594203325818,-0.0003186976844551041,-0.0006983263159532646,0.00018076430899098463
247,-0.00013466928209127134,0.0004917667445917231,0.0010207076428546656,-0.0003434581008017139,-0.0007220066112658852,0.00015325527143874624
248,-0.0001895627193129934,0.0002709296195962995,0.00053632527176123,-0.00036882961759089844,-0.0007440558572849389,0.00012744699597811728
249,-0.0004345658536795735,-0.0005126611552968843,-0.00075750413258593,-0.00039489717538762197,-0.0007687498366257384,9.631479799433806e-05
250,-0.0006074164567763894,-0.0008860466209459867,-0.0010511922727599187,-0.000421505901161204,-0.0007943075877044428,6.542977676685605e-05
251,-0.0005749619148068184,-0.0008062218398878714,-0.0009987010199899566,-0.0004468947162667553,-0.0008175161357947369,3.5051325280176215e-05
252,-0.0002706685372629336,-6.96715548956984e-05,-8.315884365202952e-05,-0.0004746550212973624,-0.0008425646849052319,4.079878710884181e-06
253,-0.0004997564645518388,-0.0005875082638963943,-0.0004961696083701156,-0.0005030846986103751,-0.000869819380018092,-2.4760781847942867e-05
254,-0.0005340379712709786,-0.0006408677773799403,-0.0004813393011384413,-0.0005307485228060456,-0.0008982007811030677,-5.399103798919373e-05
255,-0.0005190710420022477,-0.0005423953834651119,-0.00034860030652997574,-0.0005593311795705211,-0.0009257125189204082,-8.688169615891663e-05
256,-0.00017848784665896612,0.00025251058347502123,0.0005235003481935876,-0.0005886301903851337,-0.0009543480198451093,-0.00011986535784454216
257,0.00032004039526751415,0.001459987394876966,0.001889953803122465,-0.0006190743717769814,-0.0009852738634285446,-0.00015466025070303693
258,-3.08415622524669e-05,0.0005897049805849625,0.0009990371096760754,-0.0006486979072418372,-0.0010147017417432714,-0.00018778100286550429
259,-0.00024778546883113883,0.00014447745153603936,0.00062366748259992,-0.0006787028933313656,-0.0010472937061861741,-0.00022044731939119445
260,-0.0001506809038835586,0.00043662391203212,0.0011735931918379241,-0.0007096545169554796,-0.0010786515313278204,-0.00025325119779217524
261,-0.0002340547961379067,9.39842102322695e-05,0.0002617314115188567,-0.0007401819804684303,-0.0011128202057025722,-0.0002885930872164418
262,-0.00023550349101534966,6.591094252897424e-05,0.00017894692064306388,-0.0007716274874504733,-0.0011473636236847794,-0.00032632380514253787
263,-0.0004983903903444337,-0.0006013255230134452,-0.000498151226985149,-0.0008028886875234439,-0.0011814184121616562,-0.00036087031987143094
264,-0.00022358783169190648,4.443911852275472e-05,-6.179260179898639e-06,-0.0008360901264386706,-0.0012160377271449225,-0.0003947343716993222
265,-0.0002473154659292959,-2.1670301352971376e-05,-6.780349761321e-05,-0.0008677308043603242,-0.0012506471429660074,-0.00042877836232815255
266,-0.0002753103976953948,-0.00011404465832851981,-0.00030624327130147666,-0.0009026254588917948,-0.0012878062832835338,-0.0004699063355449441
267,-0.00014904457634191138,0.0003105407870032131,0.00026243295546149345,-0.0009389627000840144,-0.001327818390454942,-0.0005077356699440911
268,0.0006055970068518376,0.0020754387594864475,0.001967666600300411,-0.0009753459147340878,-0.0013680369526169384,-0.000541190472497418
269,6.922837863172273e-05,0.0008467199148662023,0.0007032721720961311,-0.001010640081671666,-0.0014076022926518823,-0.000576370339642252
270,0.0003705261523079251,0.0016381589963725342,0.001744044458946746,-0.0010478875165364759,-0.001450460215044996,-0.0006152140816642024
271,0.0006689022345811722,0.0024303199328267297,0.002973695235003604,-0.001085560115987796,-0.0014968538097589756,-0.0006517135579897853
272,0.0004743866872450582,0.0019277692313837877,0.002472595864513739,-0.0011242756874995442,-0.0015415335664386736,-0.0006884330577234651
273,0.0004440012884029015,0.0018985726034494313,0.0023682398607707046,-0.0011639419703724251,-0.0015872638075941654,-0.0007219567792477922
274,0.0007868037869320439,0.0028090153108709668,0.003377495420671082,-0.0012037741842984865,-0.0016318246258856244,-0.0007601329149612544
275,0.0004258573027996622,0.0018188901232630355,0.001985278101586727,-0.0012448411736553817,-0.0016783780848519546,-0.0007966783888634619
276,0.00027990055182261075,0.0015113301978890875,0.0019752049125347547,-0.0012848297201940714,-0.0017277329015980556,-0.0008285590870118181
277,-2.665034474709176e-05,0.0008689467805988325,0.0015625272778152322,-0.0013251434939709349,-0.0017793729503063158,-0.0008627799408597771
278,0.00022882327994641556,0.001492811129729424,0.0021668741156685915,-0.0013672194332340212,-0.0018293328888517389,-0.0008980267474431961
279,-0.00036467581283879894,-0.00015268989072853532,3.1386915481210216e-05,-0.001410879310551031,-0.0018836737522059364,-0.000932327118390266
280,-0.0006742343680292347,-0.0008940738136658397,-0.0007118759178269023,-0.0014530147165629872,-0.001939159062905341,-0.0009661493444740127
281,-0.0003407787626597226,-5.701321155222854e-05,0.00020240189556508523,-0.0014966163910367083,-0.001991704157832501,-0.0009983412937897489
282,-0.00019825186252505432,0.00019935292543756607,0.00018566789197750155,-0.0015418916060692743,-0.002047810431006758,-0.0010333497879013586
283,-0.0001228500639523665,0.00042819871626351174,0.0006528312805315857,-0.0015878490131238676,-0.0021087700647718856,-0.0010646940629560934
284,-0.0002819574808210665,6.695504339034326e-05,0.00034105268117810237,-0.0016354673325521736,-0.0021709651534823795,-0.0010978308296553355
285,-0.0002859050209964085,-3.7552125288962286e-05,-3.87408787469765e-05,-0.001683470824484972,-0.0022334456150709717,-0.0011311629598432197
286,-0.00016687868998013493,0.000270022450406561,0.0004575911426846967,-0.001730675081008283,-0.002298597081770301,-0.0011687768157838218
287,-0.0003945323424750855,-0.0002540057959856689,1.2562874490398102e-05,-0.0017810366971758491,-0.0023640347495625584,-0.0012032886026974601
288,-0.0008651364827845148,-0.0013819995480598881,-0.0014364310952027892,-0.0018309127562283283,-0.002430919261771653,-0.0012339332709360416
289,-0.0012416587590601683,-0.002274553355288105,-0.0022703637424636865,-0.0018814648270571665,-0.002494649713854977,-0.001266761369051737
290,-0.0009307373598946874,-0.0014562217029929585,-0.001175922019532071,-0.0019328648064446765,-0.0025629680426757597,-0.0013017929879726412
291,-0.0004927657295235238,-0.00037620195541362864,2.5777042834102375e-05,-0.001983736530471029,-0.0026339616786473403,-0.001336659630580019
292,-0.0006471790287069103,-0.0008575985748009567,-0.0004775771847378145,-0.0020365871482823277,-0.0027058618677464744,-0.0013684679263791123
293,-0.0007299568232807513,-0.0011633536871562759,-0.0013243526910415265,-0.0020903925356872207,-0.0027788365653719236,-0.0014071277199368354
294,-0.0008571637125054976,-0.0015475378521419888,-0.0019185983877510065,-0.0021447375983223637,-0.00285238728180371,-0.0014405081777517654
295,-0.0005676755398776637,-0.0007699237776175549,-0.0009562341287396368,-0.0021976177413949955,-0.002925990046460391,-0.0014730631362724338
296,-0.0010337255082407011,-0.0017682655710947548,-0.0015634625630193638,-0.0022539972931377196,-0.003002867298957408,-0.001506198679232916
297,-0.0010918678145510853,-0.001959429281615487,-0.0020054971431224147,-0.00230970665443467,-0.0030805042028474406,-0.0015389548080746126
298,-0.0009300529394854885,-0.0016235873296213516,-0.0020365149835718417,-0.002367921820125616,-0.003157270822488835,-0.001572852342503608
299,-0.0005923058265979755,-0.0006038970934064611,-0.00018285842098430478,-0.0024266687437439934,-0.0032379048429856463,-0.0016031172098904213
300,-0.00021467544350265317,0.00039781877222185176,0.0009894477636339528,-0.002486020371709188,-0.0033213200119147687,-0.0016386985769242597
301,-0.0005059393485332952,-0.0005288051263122423,-0.000745043099726546,-0.002545742300677402,-0.003406923187272026,-0.0016728512151372946
302,-0.0006145737009671262,-0.0007791865062354491,-0.001032312062286079,-0.002604026362382169,-0.003490870702575975,-0.0017081106663606577
303,-0.0005316646214922167,-0.0005980799929947799,-0.001126212714800064,-0.0026641433487717358,-0.0035771566682515446,-0.0017434179690054672
304,-0.00033357228903485066,-0.00014244039862127233,-0.0005066785723076017,-0.0027267445235070803,-0.003663839937141786,-0.0017799052878508307
305,-0.00043043721576737536,-0.0003650179844473809,-0.0009634285399486329,-0.0027893404587938046,-0.0037538041080082117,-0.0018205149893891603
306,-3.792987765035313e-05,0.0006454745254330294,0.00040788243774053114,-0.0028531735550914976,-0.003841662346574936,-0.001857171694455001
307,-0.00031818132630340406,-8.436854268821034e-05,-0.0005032506349682605,-0.0029176148406156693,-0.003933192391046602,-0.0018954034127313406
308,-0.00010371427939945774,0.00047561004025301935,0.0001454729715280152,-0.002979479304807479,-0.0040310445643451384,-0.0019300257551721105
309,-0.0002665403507124682,0.00012958202802559513,0.00020078386685278644,-0.0030440623215886933,-0.00412796395515585,-0.0019677303329363365
310,-0.0002941705408175326,5.416705172453419e-05,-8.583372152239647e-05,-0.003110459700854401,-0.004222925660101276,-0.002002768137015002
311,-0.0009421977310537077,-0.0016994706866271074,-0.0023106548766864154,-0.00317795759889576,-0.004321319380993886,-0.0020413092065396524
312,-0.001017672697933626,-0.0018852562084512923,-0.002452113033911614,-0.00324701365667788,-0.0044234242151990075,-0.002079228304127317
313,-0.001147478018909248,-0.002139153020149679,-0.002423203585493722,-0.003315824478632379,-0.004529878085422455,-0.002118705235827707
314,-0.0009327605092834004,-0.0014849044223154116,-0.0013853061928667232,-0.0033865276467966374,-0.004635678088378106,-0.0021581699565332265
315,-0.0007125793056986379,-0.0009259275010996392,-0.0006325279564547223,-0.0034563987673708607,-0.0047455869518021965,-0.002194926762235169
316,-0.0007918506719980153,-0.0011128697165494164,-0.0007672916630048595,-0.0035263829237312675,-0.004850883416464056,-0.0022355636719944404
317,-0.0005873025435073881,-0.0006047079210223063,-0.00031192889179622064,-0.0035967623843040832,-0.004960177811502188,-0.0022740776798253533
318,-0.0014634865569243104,-0.0027345254265221286,-0.0028121216528193826,-0.003666236838259643,-0.005067613481705287,-0.0023143256292673608
319,-0.001989235702754525,-0.004152022901530297,-0.00421617719733991,-0.0037387136567677095,-0.005174644224437502,-0.0023527500312770706
320,-0.0020277771663667083,-0.004243806040678043,-0.004562041269540941,-0.003814324716052024,-0.005290548796052501,-0.0023944920547493928
321,-0.0017538194167611692,-0.0035703471229175127,-0.0036654110401723367,-0.0038892603665691464,-0.005402631563799407,-0.002443239651749977
322,-0.0010764244139477622,-0.0018856417699375913,-0.0018377473994833854,-0.003965551770358313,-0.005517925319032868,-0.0024795790787563716
323,-0.0008923934576741858,-0.0013504308873949354,-0.0011716192262522802,-0.004043529076847911,-0.005636254482712278,-0.002520398531155199
324,-0.001195827617778801,-0.0021848932532463417,-0.0026358685769625714,-0.004123938874412168,-0.005756116033599506,-0.00255650178507684
325,-0.0010046836906972298,-0.0017297851994930783,-0.0021921545979691104,-0.004201640795864036,-0.005876679570242874,-0.002601998399748615
326,-0.0004243516836177702,-0.00024014713263291828,-0.00026722977196811157,-0.004282144968342072,-0.005995670533392522,-0.0026412454390934937
327,-0.0003647473612599615,-0.0003249183662028197,-0.0008000514516721709,-0.004364240131225168,-0.006120795331329354,-0.0026837802170044324
