doy,beta_wd_state,beta_vpd
1,0.002600177371282689,-0.015131165122311212
2,0.0025723945044891726,-0.014853756845255427
3,0.0025447789341140627,-0.01457977937247881
4,0.002517329923495402,-0.014309211430358586
5,0.0024900467359712346,-0.014042031745271985
6,0.0024629286348796025,-0.013778219043596236
7,0.0024359748835585506,-0.013517752051708574
8,0.002409184745346121,-0.013260609495986226
9,0.002382557483580358,-0.013006770102806427
10,0.0023560923615993028,-0.012756212598546398
11,0.0023297886427410004,-0.012508915709583379
12,0.0023036455903434946,-0.0122648581622946
13,0.002277662467744827,-0.012024018683057285
14,0.0022518385382830413,-0.011786375998248668
15,0.002226173065296182,-0.011551908834245984
16,0.0022006653121222908,-0.011320595917426457
17,0.002175314542099412,-0.011092415974167321
18,0.002150120018565588,-0.010867347730845802
19,0.002125081004858862,-0.01064536991383913
20,0.002100196764317279,-0.010426461249524547
21,0.00207546656027888,-0.01021060046427927
22,0.0020508896560817095,-0.009997766284480535
23,0.002026465315063811,-0.009787937436505575
24,0.002002192800563227,-0.009581092646731616
25,0.0019780713759180004,-0.009377210641535889
26,0.0019541003044661756,-0.009176270147295627
27,0.0019302788495457956,-0.008978249890388059
28,0.0019066062744949029,-0.008783128597190415
29,0.0018830818426515419,-0.008590884994079928
30,0.0018597048173537548,-0.008401497807433827
31,0.0018364744619395854,-0.008214945763629338
32,0.0018133900397470767,-0.0080312075890437
33,0.001790450814114272,-0.007850262010054135
34,0.001767656048379215,-0.007672087753037879
35,0.0017450050058799482,-0.00749666354437216
36,0.0017224969499545155,-0.00732396811043421
37,0.0017001311439409604,-0.00715398017760126
38,0.0016779068511773246,-0.006986678472250536
39,0.0016558233350016534,-0.006822041720759275
40,0.0016338798587519888,-0.006660048649504701
41,0.0016120756857663744,-0.0065006779848640495
42,0.0015904100793828534,-0.006343908453214549
43,0.0015688823029394693,-0.006189718780933431
44,0.0015474916197742647,-0.006038087694397921
45,0.0015262372932252836,-0.005888993919985257
46,0.0015051185866305692,-0.005742416184072666
47,0.001484134763328164,-0.005598333213037377
48,0.001463285086656112,-0.005456723733256621
49,0.0014425688199524566,-0.005317566471107632
50,0.0014219852265552405,-0.005180840152967636
51,0.0014015335698025066,-0.005046523505213864
52,0.0013812131130322993,-0.004914595254223552
53,0.0013610231195826613,-0.004785034126373923
54,0.0013409628527916353,-0.004657818848042209
55,0.0013210315759972654,-0.004532928145605643
56,0.0013012285525375949,-0.004410340745441457
57,0.0012815530457506658,-0.0042900353739268775
58,0.001262004318974523,-0.004171990757439136
59,0.0012425816355472088,-0.004056185622355463
60,0.0012232842588067666,-0.00394259869505309
61,0.0012041114520912402,-0.0038312087019092477
62,0.0011850624787386722,-0.003721994369301165
63,0.0011661366020871058,-0.0036149344236060727
64,0.0011473330854745844,-0.003510007591201201
65,0.001128651192239152,-0.0034071925984637823
66,0.0011100901857188507,-0.003306468171771045
67,0.0010916493292517245,-0.003207813037500221
68,0.0010733278861758161,-0.003111205922028539
69,0.0010551251198291694,-0.003016625551733231
70,0.0010370402935498276,-0.0029240506529915273
71,0.0010190726706758334,-0.0028334599521806576
72,0.0010012215145452303,-0.0027448321756778525
73,0.000983486088496062,-0.0026581460498603434
74,0.0009658656558663712,-0.00257338030110536
75,0.0009483594799942015,-0.0024905136557901338
76,0.0009309668242175956,-0.002409524840291892
77,0.0009136869518745976,-0.0023303925809878695
78,0.0008965191263032502,-0.002253095604255294
79,0.0008794626108415968,-0.002177612636471396
80,0.0008625166688276807,-0.002103922404013408
81,0.0008456805635995449,-0.0020320036332585577
82,0.0008289535584952329,-0.001961835050584077
83,0.0008123349168527881,-0.0018933953823671965
84,0.0007958239020102536,-0.0018266633549851468
85,0.0007794197773056725,-0.0017616176948151577
86,0.0007631218060770884,-0.0016982371282344602
87,0.000746929251662544,-0.0016365003816202841
88,0.0007308413774000834,-0.0015763861813498608
89,0.0007148574466277488,-0.0015178732538004198
90,0.0006989767226835845,-0.0014609403253491924
91,0.0006831984689056333,-0.0014055661223734087
92,0.0006675219486319381,-0.001351729371250299
93,0.0006519464252005426,-0.0012994087983570935
94,0.0006364711619494903,-0.0012485831300710236
95,0.0006210954222168238,-0.0011992310927693187
96,0.0006058184693405867,-0.00115133141282921
97,0.0005906395666588225,-0.0011048628166279281
98,0.0005755579775095739,-0.001059804030542703
99,0.0005605729652308847,-0.0010161337809507648
100,0.0005456837931607976,-0.0009738307942293446
101,0.0005308897246373565,-0.0009328737967556728
102,0.0005161900229986044,-0.0008932415149069797
103,0.0005015839515825841,-0.0008549126750604959
104,0.0004870707737273397,-0.0008178660035934516
105,0.00047264975277091386,-0.0007820802268830777
106,0.0004583201520513498,-0.0007475340713066042
107,0.0004440812349066911,-0.0007142062632412619
108,0.0004299322646749807,-0.0006820755290642811
109,0.0004158725046942624,-0.0006511205951528922
110,0.000401901218302579,-0.0006213201878843257
111,0.00038801766883797377,-0.0005926530336358122
112,0.00037422111963848997,-0.0005650978587845819
113,0.0003605108340421711,-0.0005386333897078656
114,0.0003468860753870603,-0.0005132383527828936
115,0.0003333461070112007,-0.0004888914743868963
116,0.0003198901922526357,-0.0004655714808971042
117,0.0003065175944494085,-0.0004432570986907478
118,0.0002932275769395625,-0.00042192705414505747
119,0.00028001940306114057,-0.00040156007363726385
120,0.0002668923361521865,-0.0003821348835445972
121,0.00025384563955074303,-0.00036363021024428817
122,0.00024087857659485377,-0.00034602478011356707
123,0.00022799041062256185,-0.0003292973195296644
124,0.00021518040497191067,-0.00031342655486981064
125,0.00020244782298094318,-0.00029839121251123627
126,0.000189791927987703,-0.00028417001883117174
127,0.00017721198333023317,-0.0002707417002068475
128,0.00016470725234657703,-0.000258084983015494
129,0.0001522769983747778,-0.0002461785936343417
130,0.0001399204847528787,-0.00023500125844062107
131,0.00012763697481892297,-0.00022453170381156267
132,0.00011542573191095394,-0.00021474865612439674
133,0.00010328601936701492,-0.00020563084175635396
134,9.121710052514918e-05,-0.0001971569870846647
135,7.92182387233999e-05,-0.00018930581848655942
136,6.728869729981027e-05,-0.0001820560623392686
137,5.542773959242358e-05,-0.00017538644502002265
138,4.363462893928319e-05,-0.0001692756929060521
139,3.1908628678432264e-05,-0.00016370253237458737
140,2.0249002147914214e-05,-0.00015864568980285897
141,8.655012685772101e-06,-0.00015408389156809733
142,-2.8740763699507414e-06,-0.00014999586404753287
143,-1.4339001681211037e-05,-0.00014636033361839612
144,-2.5740499909965482e-05,-0.0001431560266579175
145,-3.707930771817112e-05,-0.0001403616695433275
146,-4.8356161767784114e-05,-0.00013795598865185655
147,-5.957179872076169e-05,-0.00013591771036073513
148,-7.072695523906058e-05,-0.00013422556104719373
149,-8.182236798463715e-05,-0.0001328582670884627
150,-9.285877361944853e-05,-0.00013179455486177268
151,-0.00010383690880545122,-0.00013101315074435398
152,-0.00011475751020460217,-0.00013049278111343715
153,-0.00012562131447885783,-0.0001302121723462526
154,-0.00013642905829017518,-0.0001301500508200308
155,-0.0001471814783005109,-0.00013028514291200222
156,-0.00015787931117182183,-0.0001305961749993974
157,-0.00016852329356606443,-0.00013106187345944664
158,-0.00017911416214519575,-0.00013166096466938053
159,-0.00018965265357117229,-0.00013237217500642947
160,-0.00020013950450595096,-0.00013317423084782397
161,-0.0002105754516114885,-0.00013404585857079444
162,-0.0002209612315497414,-0.00013496578455257134
163,-0.00023129758098266673,-0.00013591273517038518
164,-0.00024158523657222118,-0.0001368654368014664
165,-0.0002518249831823588,-0.0001378058393662389
166,-0.0002620177984850239,-0.00013872878695790047
167,-0.00027216470835415764,-0.00013963234721284216
168,-0.00028226673866370224,-0.00014051458776745523
169,-0.0002923249152875989,-0.00014137357625813082
170,-0.00030234026409978925,-0.0001422073803212601
171,-0.00031231381097421496,-0.00014301406759323422
172,-0.0003222465817848175,-0.00014379170571044442
173,-0.0003321396024055386,-0.00014453836230928182
174,-0.00034199389871031983,-0.0001452521050261376
175,-0.0003518104965731027,-0.00014593100149740292
176,-0.0003615904218678288,-0.00014657311935946894
177,-0.00037133470046843984,-0.0001471765262487269
178,-0.0003810443582488773,-0.00014773928980156792
179,-0.00039072042108308274,-0.00014825947765438312
180,-0.0004003639148449979,-0.00014873515744356382
181,-0.0004099758654085643,-0.00014916439680550102
182,-0.00041955729864772345,-0.00014954526337658598
183,-0.0004291092404364169,-0.00014987582479320988
184,-0.00043863271664858655,-0.00015015414869176384
185,-0.00044812875315817363,-0.00015037830270863908
186,-0.0004575983758391198,-0.00015054635448022674
187,-0.000467042610565367,-0.00015065637164291803
188,-0.00047646248321085645,-0.00015070642183310408
189,-0.00048585901964952967,-0.00015069457268717607
190,-0.0004952332457553287,-0.0001506188918415252
191,-0.0005045861874021947,-0.0001504774469325426
192,-0.0005139188704640693,-0.0001502683055966194
193,-0.0005232323208148946,-0.00014998953547014696
194,-0.0005325275643286114,-0.00014963920418951626
195,-0.0005418056268791617,-0.00014921537939111847
196,-0.0005510675343404871,-0.00014871612871134485
197,-0.0005603143125865293,-0.0001481395197865866
198,-0.0005695469874912298,-0.00014748362025323482
199,-0.0005787665849285302,-0.00014674649774768064
200,-0.0005879741307723717,-0.00014592621990631532
201,-0.0005971706508966963,-0.00014502085436553
202,-0.0006063571711754456,-0.00014402846876171587
203,-0.000615534717482561,-0.00014294713073126402
204,-0.0006247043156919845,-0.00014177490791056574
205,-0.0006338669916776571,-0.0001405098679360121
206,-0.0006430237713135208,-0.00013915007844399435
207,-0.0006521756804735172,-0.00013769360707090362
208,-0.0006613237450315876,-0.00013613852145313109
209,-0.0006704689908616737,-0.00013448288922706788
210,-0.0006796124438377171,-0.00013272477802910525
211,-0.0006887551298336594,-0.00013086225549563431
212,-0.0006978980747234425,-0.00012889338926304624
213,-0.0007070423043810074,-0.00012681624696773226
214,-0.0007161888446802961,-0.00012462889624608345
215,-0.00072533872149525,-0.00012232940473449105
216,-0.000734492960699811,-0.00011991584006934626
217,-0.0007436525881679204,-0.00011738626988704014
218,-0.0007528186297735198,-0.00011473876182396396
219,-0.0007619921113905509,-0.00011197138351650888
220,-0.0007711740588929551,-0.00010908220260106595
221,-0.0007803654981546742,-0.00010606928671402653
222,-0.0007895674550496497,-0.0001029307034917817
223,-0.0007987809554518235,-9.966452057072264e-05
224,-0.0008080070252351366,-9.626880558724045e-05
225,-0.0008172466902735305,-9.274162617772635e-05
226,-0.0008265009764409478,-8.908104997857157e-05
227,-0.0008357709096113292,-8.528514462616724e-05
228,-0.0008450575156586166,-8.135197775690448e-05
229,-0.0008543618204567516,-7.727961700717454e-05
230,-0.0008636848498796757,-7.306613001336856e-05
231,-0.0008730276298013306,-6.870958441187772e-05
232,-0.0008823911860956576,-6.420804783909318e-05
233,-0.0008917765446365987,-5.9559587931406125e-05
234,-0.0009011847312980954,-5.476227232520764e-05
235,-0.0009106167719540888,-4.9814168656889034e-05
236,-0.0009200736924785213,-4.471334456284137e-05
237,-0.0009295565187453342,-3.945786767945591e-05
238,-0.0009390662766284683,-3.404580564312375e-05
239,-0.0009486039920018663,-2.8475226090236113e-05
240,-0.0009581706907394695,-2.2744196657184096e-05
241,-0.0009677673987152187,-1.685078498035895e-05
242,-0.0009773951418030568,-1.0793058696151804e-05
243,-0.0009870549458769243,-4.569085440953825e-06
244,-0.0009967478368107631,1.823067148843802e-06
245,-0.0010064748404785152,8.385331436849845e-06
246,-0.0010162369827541216,1.5119639786673271e-05
247,-0.0010260352895115244,2.2027924561922787e-05
248,-0.001035870786624665,2.9112118126207297e-05
249,-0.0010457444999674847,3.637415284313556e-05
250,-0.0010556574554139257,4.381596107631645e-05
251,-0.001065610678837929,5.143947518935881e-05
252,-0.0010756051961134363,5.924662754587145e-05
253,-0.0010856420331143899,6.723935050946326e-05
254,-0.0010957222157147303,7.541957644374287e-05
255,-0.0011058467697883994,8.378923771231929e-05
256,-0.0011160167212093393,9.235026667880131e-05
257,-0.0011262330958514914,0.00010110459570679777
258,-0.0011364969195887967,0.00011005415715991755
259,-0.0011468092182951976,0.00011920088340176928
260,-0.0011571710178446353,0.00012854670679596206
261,-0.0011675833441110518,0.00013809355970610448
262,-0.0011780472229683875,0.00014784337449580547
263,-0.0011885636802905853,0.0001577980835286739
264,-0.0011991337419515861,0.00016795961916831853
265,-0.001209758433825332,0.00017832991377834823
266,-0.001220438781785764,0.00018891089972237183
267,-0.001231175811706824,0.00019970450936399812
268,-0.0012419705494624536,0.00021071267506683593
269,-0.0012528240209265945,0.00022193732919449413
270,-0.0012637372519731882,0.00023338040411058155
271,-0.001274711268476176,0.00024504383217870704
272,-0.0012857470963095,0.00025692954576247935
273,-0.001296845761347101,0.0002690394772255072
274,-0.0013080082894629216,0.00028137555893139975
275,-0.0013192357065309028,0.0002939397232437657
276,-0.0013305290384249863,0.0003067339025262137
277,-0.0013418893110191134,0.0003197600291423526
278,-0.0013533175501872262,0.0003330200354557916
279,-0.0013648147818032662,0.00034651585383013906
280,-0.0013763820317411741,0.000360249416629004
281,-0.001388020325874893,0.0003742226562159954
282,-0.0013997306900783637,0.00038843750495472186
283,-0.0014115141502255273,0.0004028958952087922
284,-0.0014233717321903263,0.0004175997593418155
285,-0.001435304461846702,0.0004325510297174005
286,-0.0014473133650685956,0.0004477516386991558
287,-0.001459399467729949,0.0004632035186506904
288,-0.001471563795704704,0.0004789086019356132
289,-0.001483807374866802,0.000494868820917533
290,-0.001496131231090184,0.0005110861079600584
291,-0.001508536390248793,0.0005275623954267986
292,-0.0015210238782165687,0.000544299615681362
293,-0.0015335947208674544,0.0005612997010873579
294,-0.0015462499440753912,0.0005785645840083949
295,-0.0015589905737143199,0.0005960961968080815
296,-0.001571817635658183,0.0006138964718500273
297,-0.0015847321557809217,0.0006319673414978405
298,-0.0015977351599564776,0.00065031073811513
299,-0.0016108276740587925,0.0006689285940655047
300,-0.0016240107239618078,0.0006878228417125736
301,-0.001637285335539465,0.0007069954134199455
302,-0.0016506525346657059,0.0007264482415512289
303,-0.0016641133472144723,0.000746183258470033
304,-0.0016776687990597056,0.0007662023965399667
305,-0.0016913199160753466,0.0007865075881246382
306,-0.0017050677241353378,0.0008071007655876568
307,-0.0017189132491136207,0.0008279838612926313
308,-0.0017328575168841372,0.0008491588076031709
309,-0.0017469015533208277,0.0008706275368828833
310,-0.0017610463842976352,0.0008923919814953789
311,-0.0017752930356885006,0.0009144540738042652
312,-0.001789642533367365,0.0009368157461731515
313,-0.0018040959032081707,0.0009594789309656466
314,-0.001818654171084859,0.0009824455605453595
315,-0.001833318362871372,0.001005717567275899
316,-0.0018480895044416508,0.0010292968835208737
317,-0.0018629686216696368,0.0010531854416438923
318,-0.001877956740429272,0.0010773851740085644
319,-0.0018930548865944985,0.0011018980129784983
320,-0.0019082640860392565,0.0011267258909173025
321,-0.0019235853646374884,0.0011518707401885864
322,-0.0019390197482631359,0.0011773344931559585
323,-0.0019545682627901406,0.0012031190821830279
324,-0.0019702319340924434,0.001229226439633403
325,-0.0019860117880439866,0.001255658497870693
326,-0.0020019088505187116,0.0012824171892585065
327,-0.00201792414739056,0.0013095044461604527
