cohort,comarca,year,row_idx,yield_tha,lag_yield,year_str,year_code
arbequina,Alt Camp,2016,180,0.4700000000000002,1.124777777777778,2016,0
arbequina,Alt Camp,2017,181,0.512,0.2827777777777778,2017,1
arbequina,Alt Camp,2018,182,-0.5269999999999999,0.3247777777777776,2018,2
arbequina,Alt Camp,2020,184,-0.1079999999999998,0.7327777777777775,2020,3
arbequina,Alt Camp,2021,185,0.51,-0.2952222222222223,2021,4
arbequina,Alt Camp,2022,186,-0.8029999999999999,0.3227777777777776,2022,5
arbequina,Alt Camp,2023,187,-0.6009999999999999,-0.9902222222222224,2023,6
arbequina,Alt Camp,2024,188,-0.3729999999999999,-0.7882222222222223,2024,7
arbequina,Alt Penedès,2016,189,-0.0608888888888888,0.4477777777777778,2016,0
arbequina,Alt Penedès,2017,190,0.7991111111111112,-0.1522222222222222,2017,1
arbequina,Alt Penedès,2018,191,0.0391111111111112,0.7077777777777778,2018,2
arbequina,Alt Penedès,2020,193,-0.0108888888888888,0.0577777777777778,2020,3
arbequina,Alt Penedès,2021,194,0.2391111111111111,-0.1022222222222222,2021,4
arbequina,Alt Penedès,2022,195,-0.3608888888888888,0.1477777777777777,2022,5
arbequina,Alt Penedès,2023,196,-0.5108888888888888,-0.4522222222222222,2023,6
arbequina,Alt Penedès,2024,197,-0.2828888888888888,-0.6022222222222222,2024,7
arbequina,Baix Camp,2016,198,0.2436666666666667,0.901888888888889,2016,0
arbequina,Baix Camp,2017,199,0.2856666666666665,0.0598888888888888,2017,1
arbequina,Baix Camp,2018,200,-0.9043333333333334,0.1018888888888887,2018,2
arbequina,Baix Camp,2020,202,0.3006666666666666,0.6098888888888887,2020,3
arbequina,Baix Camp,2021,203,0.3636666666666666,0.1168888888888888,2021,4
arbequina,Baix Camp,2022,204,-0.8233333333333334,0.1798888888888887,2022,5
arbequina,Baix Camp,2023,205,0.3086666666666666,-1.007111111111111,2023,6
arbequina,Baix Camp,2024,206,-0.5683333333333334,0.1248888888888888,2024,7
arbequina,Baix Penedès,2016,207,0.0490000000000001,0.7463333333333335,2016,0
arbequina,Baix Penedès,2017,208,0.391,-0.0956666666666665,2017,1
arbequina,Baix Penedès,2018,209,-0.6599999999999999,0.2463333333333333,2018,2
arbequina,Baix Penedès,2020,211,0.266,0.3893333333333333,2020,3
arbequina,Baix Penedès,2021,212,0.1169999999999999,0.1213333333333333,2021,4
arbequina,Baix Penedès,2022,213,-1.0179999999999998,-0.0276666666666667,2022,5
arbequina,Baix Penedès,2023,214,0.732,-1.1626666666666663,2023,6
arbequina,Baix Penedès,2024,215,-0.411,0.5873333333333333,2024,7
arbequina,Conca de Barberà,2016,216,0.4504444444444444,1.0965555555555555,2016,0
arbequina,Conca de Barberà,2017,217,0.4924444444444442,0.2545555555555556,2017,1
arbequina,Conca de Barberà,2018,218,0.2824444444444443,0.2965555555555554,2018,2
arbequina,Conca de Barberà,2020,220,-0.1045555555555557,0.2545555555555556,2020,3
arbequina,Conca de Barberà,2021,221,0.1644444444444444,-0.3004444444444445,2021,4
arbequina,Conca de Barberà,2022,222,-0.8115555555555556,-0.0314444444444443,2022,5
arbequina,Conca de Barberà,2023,223,-0.4535555555555557,-1.0074444444444444,2023,6
arbequina,Conca de Barberà,2024,224,-0.4705555555555556,-0.6494444444444445,2024,7
arbequina,Garrigues,2016,225,0.0102222222222221,-0.0103333333333331,2016,0
arbequina,Garrigues,2017,226,0.1502222222222221,0.0196666666666667,2017,1
arbequina,Garrigues,2018,227,0.0202222222222221,0.1596666666666667,2018,2
arbequina,Garrigues,2020,229,0.1002222222222222,0.0396666666666667,2020,3
arbequina,Garrigues,2021,230,0.0202222222222221,0.1096666666666668,2021,4
arbequina,Garrigues,2022,231,-0.3117777777777778,0.0296666666666667,2022,5
arbequina,Garrigues,2023,232,-0.0847777777777778,-0.3023333333333332,2023,6
arbequina,Garrigues,2024,233,0.0652222222222221,-0.0753333333333332,2024,7
arbequina,Priorat,2016,234,0.5058888888888889,0.3046666666666666,2016,0
arbequina,Priorat,2017,235,0.3208888888888889,0.3856666666666666,2017,1
arbequina,Priorat,2018,236,-0.149111111111111,0.2006666666666665,2018,2
arbequina,Priorat,2020,238,0.0308888888888888,0.5206666666666666,2020,3
arbequina,Priorat,2021,239,0.313888888888889,-0.0893333333333334,2021,4
arbequina,Priorat,2022,240,-0.6561111111111111,0.1936666666666666,2022,5
arbequina,Priorat,2023,241,-0.350111111111111,-0.7763333333333333,2023,6
arbequina,Priorat,2024,242,-0.657111111111111,-0.4703333333333334,2024,7
arbequina,Segrià,2016,243,0.0043333333333333,-0.0206666666666667,2016,0
arbequina,Segrià,2017,244,0.1343333333333333,-0.0006666666666667,2017,1
arbequina,Segrià,2018,245,0.0343333333333333,0.1293333333333333,2018,2
arbequina,Segrià,2020,247,0.1443333333333333,0.0693333333333332,2020,3
arbequina,Segrià,2021,248,0.0843333333333332,0.1393333333333333,2021,4
arbequina,Segrià,2022,249,-0.3606666666666667,0.0793333333333332,2022,5
arbequina,Segrià,2023,250,-0.0546666666666667,-0.3656666666666667,2023,6
arbequina,Segrià,2024,251,-0.0606666666666667,-0.0596666666666667,2024,7
arbequina,Tarragonès,2016,252,0.0654444444444446,0.7324444444444447,2016,0
arbequina,Tarragonès,2017,253,0.1074444444444444,-0.1095555555555554,2017,1
arbequina,Tarragonès,2018,254,-0.3285555555555555,-0.0675555555555555,2018,2
arbequina,Tarragonès,2020,256,0.2024444444444446,0.6454444444444445,2020,3
arbequina,Tarragonès,2021,257,0.3494444444444444,0.0274444444444446,2021,4
arbequina,Tarragonès,2022,258,-1.1965555555555554,0.1744444444444444,2022,5
arbequina,Tarragonès,2023,259,0.6474444444444445,-1.3715555555555554,2023,6
arbequina,Tarragonès,2024,260,-0.6675555555555555,0.4724444444444444,2024,7
arbequina,Urgell,2016,261,0.1495555555555555,0.0895555555555556,2016,0
arbequina,Urgell,2017,262,0.1695555555555555,0.1195555555555555,2017,1
arbequina,Urgell,2018,263,0.0395555555555555,0.1395555555555555,2018,2
arbequina,Urgell,2020,265,0.1295555555555556,0.0295555555555555,2020,3
arbequina,Urgell,2021,266,0.1295555555555556,0.0995555555555556,2021,4
arbequina,Urgell,2022,267,-0.4284444444444444,0.0995555555555556,2022,5
arbequina,Urgell,2023,268,-0.0984444444444444,-0.4584444444444444,2023,6
arbequina,Urgell,2024,269,-0.1504444444444443,-0.1284444444444444,2024,7
