cohort,comarca,year,row_idx,yield_tha,lag_yield,year_str,year_code,comarca_code
arbequina,Alt Camp,2016,0,1.6,2.442,2016,0,0
arbequina,Alt Camp,2017,1,1.642,1.6,2017,1,0
arbequina,Alt Camp,2018,2,0.603,1.642,2018,2,0
arbequina,Alt Camp,2019,3,2.05,0.603,2019,3,0
arbequina,Alt Camp,2020,4,1.022,2.05,2020,4,0
arbequina,Alt Camp,2021,5,1.64,1.022,2021,5,0
arbequina,Alt Camp,2022,6,0.327,1.64,2022,6,0
arbequina,Alt Camp,2023,7,0.529,0.327,2023,7,0
arbequina,Alt Camp,2024,8,0.757,0.529,2024,8,0
arbequina,Alt Penedès,2016,9,0.7,1.3,2016,0,1
arbequina,Alt Penedès,2017,10,1.56,0.7,2017,1,1
arbequina,Alt Penedès,2018,11,0.8,1.56,2018,2,1
arbequina,Alt Penedès,2019,12,0.91,0.8,2019,3,1
arbequina,Alt Penedès,2020,13,0.75,0.91,2020,4,1
arbequina,Alt Penedès,2021,14,1.0,0.75,2021,5,1
arbequina,Alt Penedès,2022,15,0.4,1.0,2022,6,1
arbequina,Alt Penedès,2023,16,0.25,0.4,2023,7,1
arbequina,Alt Penedès,2024,17,0.478,0.25,2024,8,1
arbequina,Baix Camp,2016,18,1.6,2.442,2016,0,2
arbequina,Baix Camp,2017,19,1.642,1.6,2017,1,2
arbequina,Baix Camp,2018,20,0.452,1.642,2018,2,2
arbequina,Baix Camp,2019,21,2.15,0.452,2019,3,2
arbequina,Baix Camp,2020,22,1.657,2.15,2020,4,2
arbequina,Baix Camp,2021,23,1.72,1.657,2021,5,2
arbequina,Baix Camp,2022,24,0.533,1.72,2022,6,2
arbequina,Baix Camp,2023,25,1.665,0.533,2023,7,2
arbequina,Baix Camp,2024,26,0.788,1.665,2024,8,2
arbequina,Baix Penedès,2016,27,1.6,2.442,2016,0,3
arbequina,Baix Penedès,2017,28,1.942,1.6,2017,1,3
arbequina,Baix Penedès,2018,29,0.891,1.942,2018,2,3
arbequina,Baix Penedès,2019,30,2.085,0.891,2019,3,3
arbequina,Baix Penedès,2020,31,1.817,2.085,2020,4,3
arbequina,Baix Penedès,2021,32,1.668,1.817,2021,5,3
arbequina,Baix Penedès,2022,33,0.533,1.668,2022,6,3
arbequina,Baix Penedès,2023,34,2.283,0.533,2023,7,3
arbequina,Baix Penedès,2024,35,1.14,2.283,2024,8,3
arbequina,Conca de Barberà,2016,36,1.6,2.442,2016,0,4
arbequina,Conca de Barberà,2017,37,1.642,1.6,2017,1,4
arbequina,Conca de Barberà,2018,38,1.432,1.642,2018,2,4
arbequina,Conca de Barberà,2019,39,1.6,1.432,2019,3,4
arbequina,Conca de Barberà,2020,40,1.045,1.6,2020,4,4
arbequina,Conca de Barberà,2021,41,1.314,1.045,2021,5,4
arbequina,Conca de Barberà,2022,42,0.338,1.314,2022,6,4
arbequina,Conca de Barberà,2023,43,0.696,0.338,2023,7,4
arbequina,Conca de Barberà,2024,44,0.679,0.696,2024,8,4
arbequina,Garrigues,2016,45,0.82,0.79,2016,0,5
arbequina,Garrigues,2017,46,0.96,0.82,2017,1,5
arbequina,Garrigues,2018,47,0.83,0.96,2018,2,5
arbequina,Garrigues,2019,48,0.84,0.83,2019,3,5
arbequina,Garrigues,2020,49,0.91,0.84,2020,4,5
arbequina,Garrigues,2021,50,0.83,0.91,2021,5,5
arbequina,Garrigues,2022,51,0.498,0.83,2022,6,5
arbequina,Garrigues,2023,52,0.725,0.498,2023,7,5
arbequina,Garrigues,2024,53,0.875,0.725,2024,8,5
arbequina,Priorat,2016,54,1.5,1.419,2016,0,6
arbequina,Priorat,2017,55,1.315,1.5,2017,1,6
arbequina,Priorat,2018,56,0.845,1.315,2018,2,6
arbequina,Priorat,2019,57,1.635,0.845,2019,3,6
arbequina,Priorat,2020,58,1.025,1.635,2020,4,6
arbequina,Priorat,2021,59,1.308,1.025,2021,5,6
arbequina,Priorat,2022,60,0.338,1.308,2022,6,6
arbequina,Priorat,2023,61,0.644,0.338,2023,7,6
arbequina,Priorat,2024,62,0.337,0.644,2024,8,6
arbequina,Segrià,2016,63,0.76,0.74,2016,0,7
arbequina,Segrià,2017,64,0.89,0.76,2017,1,7
arbequina,Segrià,2018,65,0.79,0.89,2018,2,7
arbequina,Segrià,2019,66,0.83,0.79,2019,3,7
arbequina,Segrià,2020,67,0.9,0.83,2020,4,7
arbequina,Segrià,2021,68,0.84,0.9,2021,5,7
arbequina,Segrià,2022,69,0.395,0.84,2022,6,7
arbequina,Segrià,2023,70,0.701,0.395,2023,7,7
arbequina,Segrià,2024,71,0.695,0.701,2024,8,7
arbequina,Tarragonès,2016,72,1.6,2.442,2016,0,8
arbequina,Tarragonès,2017,73,1.642,1.6,2017,1,8
arbequina,Tarragonès,2018,74,1.206,1.642,2018,2,8
arbequina,Tarragonès,2019,75,2.355,1.206,2019,3,8
arbequina,Tarragonès,2020,76,1.737,2.355,2020,4,8
arbequina,Tarragonès,2021,77,1.884,1.737,2021,5,8
arbequina,Tarragonès,2022,78,0.338,1.884,2022,6,8
arbequina,Tarragonès,2023,79,2.182,0.338,2023,7,8
arbequina,Tarragonès,2024,80,0.867,2.182,2024,8,8
arbequina,Urgell,2016,81,0.95,0.92,2016,0,9
arbequina,Urgell,2017,82,0.97,0.95,2017,1,9
arbequina,Urgell,2018,83,0.84,0.97,2018,2,9
arbequina,Urgell,2019,84,0.86,0.84,2019,3,9
arbequina,Urgell,2020,85,0.93,0.86,2020,4,9
arbequina,Urgell,2021,86,0.93,0.93,2021,5,9
arbequina,Urgell,2022,87,0.372,0.93,2022,6,9
arbequina,Urgell,2023,88,0.702,0.372,2023,7,9
arbequina,Urgell,2024,89,0.65,0.702,2024,8,9
