cohort,predictor,tau_days,basis_k,year_re_mode,window_shift_days,stem,delta_S7_S6_median,delta_S7_S6_q_lo,delta_S7_S6_q_hi,delta_S7_S6_prob_gt0,delta_S7_S6_p_diff,delta_S7_S5_median,delta_S7_S5_q_lo,delta_S7_S5_q_hi,delta_S7_S5_prob_gt0,delta_S7_S5_p_diff,delta_S7_S_pre_median,delta_S7_S_pre_q_lo,delta_S7_S_pre_q_hi,delta_S7_S_pre_prob_gt0,delta_S7_S_pre_p_diff,delta_S7_S8_median,delta_S7_S8_q_lo,delta_S7_S8_q_hi,delta_S7_S8_prob_gt0,delta_S7_S8_p_diff,headline_sign_flip,headline_p_diff_lt_0p7
arbequina,wd_state,15.0,4,no_year,-10,numpyro_main_arbequina_wd_state_noyearre_sens_tau15p0d_k4_no_year,-0.0003179446372732,-0.0008370092708665,0.0002270796971203,0.162875,0.837125,-0.001089283025709,-0.0019119206057046,-0.0002765372131042,0.014875,0.985125,-0.002592679478649,-0.0047979220160399,-0.0007707689855102,0.006375,0.993625,-0.0002539701075136,-0.0014803952585532,0.0005943585833264,0.357125,0.642875,False,False
arbequina,wd_state,15.0,4,no_year,0,numpyro_main_arbequina_wd_state_noyearre_sens_tau15p0d_k4_no_year,-0.0002153958814433,-0.0007773574103685,0.0004115821665391,0.2795,0.7204999999999999,-0.0008971439727016,-0.0016640386647796,-0.000129890866106,0.029625,0.970375,-0.0024599110319769,-0.0044535568059864,-0.0007415006218548,0.00625,0.99375,-0.0003377627155809,-0.001691719214555,0.0005811819083853,0.328125,0.671875,False,False
arbequina,wd_state,15.0,4,no_year,10,numpyro_main_arbequina_wd_state_noyearre_sens_tau15p0d_k4_no_year,-0.0001185879757135,-0.0007383311271413,0.0006054848922268,0.39075,0.6092500000000001,-0.0007039586205125,-0.0014766866994636,5.9753736162467616e-05,0.065125,0.934875,-0.0021849659376546,-0.0038219336764502,-0.0006567425212403,0.006875,0.993125,-0.0003674891601432,-0.0017122410200804,0.0005398920383139,0.31275,0.68725,False,True
arbequina,wd_state,15.0,4,with_year,-10,numpyro_main_arbequina_wd_state_sens_tau15p0d_k4_with_year,-0.0004587725316512,-0.001211303324098,0.0003121799500625,0.158875,0.841125,-0.0008418088040164,-0.0021094418304642,0.0004497337242458,0.13775,0.86225,-0.0014217686737777,-0.0035787972412619,0.0007387408180976,0.13875,0.86125,0.0003379466084788,-0.000527786325854,0.001137345342436,0.7615,0.7615,False,False
arbequina,wd_state,15.0,4,with_year,0,numpyro_main_arbequina_wd_state_sens_tau15p0d_k4_with_year,-0.0004434102910849,-0.0011904388928585,0.0003326520657071,0.171125,0.828875,-0.000811683823877,-0.0020485973686161,0.000460450197617,0.141125,0.858875,-0.0014211333614275,-0.0035877061819716,0.0007214796049689,0.135875,0.864125,0.0003249657027891,-0.0005880462794917,0.0011545739058314,0.746,0.746,False,False
arbequina,wd_state,15.0,4,with_year,10,numpyro_main_arbequina_wd_state_sens_tau15p0d_k4_with_year,-0.0004224270944825,-0.0011678682538357,0.0003660686645098,0.1825,0.8175,-0.0007790034342591,-0.0020051466405954,0.0004799328699764,0.146375,0.853625,-0.0013781775090781,-0.0034264410665092,0.0006993039673814,0.13125,0.86875,0.0002952872747614,-0.0005930419897288,0.0010889758124757,0.736125,0.736125,False,False
arbequina,wd_state,15.0,5,no_year,-10,numpyro_main_arbequina_wd_state_noyearre_sens_tau15p0d_k5_no_year,0.0001047907135435,-0.0004931702607917,0.0008129146968553,0.606625,0.606625,-0.0007222915135652,-0.0015234509065422,0.0001822867305698,0.093625,0.906375,-0.0041373620841698,-0.0062927699705447,-0.0019238269906837,0.001,0.999,-0.000700354654371,-0.0019572779288528,0.0005433052973049,0.1805,0.8195,True,True
arbequina,wd_state,15.0,5,no_year,0,numpyro_main_arbequina_wd_state_noyearre_sens_tau15p0d_k5_no_year,0.0002147803180652,-0.0004403924469238,0.0009438145733935,0.703875,0.703875,-0.0004129975829514,-0.0012063279105547,0.0005308340259285,0.226,0.774,-0.0037279282897671,-0.0056526137270512,-0.001751136983751,0.001125,0.998875,-0.0007856041440879,-0.0022803469168034,0.0006491090964514,0.190625,0.809375,True,False
arbequina,wd_state,15.0,5,no_year,10,numpyro_main_arbequina_wd_state_noyearre_sens_tau15p0d_k5_no_year,0.0003148488293998,-0.0004154755320446,0.0010750879834553,0.77,0.77,-0.0001377781701219,-0.0009898921109446,0.0008478530629603,0.398125,0.6018749999999999,-0.0028949490294445,-0.0044106271984046,-0.0013616713523971,0.001625,0.998375,-0.0007924196636306,-0.0023491910658859,0.0006743392191083,0.19875,0.80125,True,False
arbequina,wd_state,15.0,5,with_year,-10,numpyro_main_arbequina_wd_state_sens_tau15p0d_k5_with_year,-0.0003136512070241,-0.0009306229384753,0.0003595403238652,0.205375,0.794625,-0.000701515645426,-0.001722856788212,0.0003220897367068,0.127375,0.872625,-0.0019641922689354,-0.0046524671980564,0.0005768946382691,0.1,0.9,0.0004397394514325,-0.0008395354031783,0.0015964855722179,0.7435,0.7435,False,False
arbequina,wd_state,15.0,5,with_year,0,numpyro_main_arbequina_wd_state_sens_tau15p0d_k5_with_year,-0.0003180064477027,-0.0009754698527946,0.0003894295134602,0.212,0.788,-0.0006452338834011,-0.0016518807002047,0.0003699972117825,0.147125,0.852875,-0.0018904470555298,-0.0044013477565456,0.0005239010585747,0.0965,0.9035,0.0004780219454818,-0.0009866155369811,0.0018215614365931,0.737625,0.737625,False,False
arbequina,wd_state,15.0,5,with_year,10,numpyro_main_arbequina_wd_state_sens_tau15p0d_k5_with_year,-0.0003325915035001,-0.0010501584094639,0.0004426489100771,0.21925,0.78075,-0.0006027998353465,-0.0016232066061425,0.000421796133485,0.164,0.836,-0.0016713879338893,-0.0038292451172588,0.0003943934641031,0.09375,0.90625,0.0004760128667884,-0.0010247269061099,0.001859475035477,0.734625,0.734625,False,False
arbequina,wd_state,15.0,6,no_year,-10,numpyro_main_arbequina_wd_state_noyearre_sens_tau15p0d_k6_no_year,8.020145441511444e-05,-0.0004865442693288,0.000808905717895,0.5815,0.5815,-0.0005138565614142,-0.0014092211138542,0.0005343211423631,0.1915,0.8085,-0.0042062601409876,-0.0062948420449603,-0.002076233852022,0.000625,0.999375,-0.0007307497697776,-0.002026505474934,0.0005353783561625,0.171625,0.828375,True,True
arbequina,wd_state,15.0,6,no_year,0,numpyro_main_arbequina_wd_state_noyearre_sens_tau15p0d_k6_no_year,0.0001860259889211,-0.0004260723116481,0.0009253664476602,0.6775,0.6775,-0.0002711077162809,-0.0011205922501812,0.0007451953070281,0.3165,0.6835,-0.0037192732935196,-0.0055889672281463,-0.0018315415195886,0.00075,0.99925,-0.0008487033531804,-0.0025486777050057,0.0007210215227113,0.19025,0.80975,True,True
arbequina,wd_state,15.0,6,no_year,10,numpyro_main_arbequina_wd_state_noyearre_sens_tau15p0d_k6_no_year,0.0002937950941649,-0.0003842866480058,0.0010460287485259,0.754,0.754,-5.472150065538741e-05,-0.0008870317832776,0.000956791273943,0.4615,0.5385,-0.0026883264009766,-0.0042195735256361,-0.0012013241847624,0.00125,0.99875,-0.0008719299822833,-0.0027202057108807,0.0008151116106547,0.201375,0.798625,True,False
arbequina,wd_state,15.0,6,with_year,-10,numpyro_main_arbequina_wd_state_sens_tau15p0d_k6_with_year,-0.0002821736356442,-0.0008794833329321,0.000466325165453,0.237,0.763,-0.0005999863398559,-0.0016431386489049,0.0005525473462736,0.1765,0.8235,-0.0020958577546065,-0.0047961230019243,0.0005784535258144,0.09675,0.90325,0.0005600557559462,-0.0008976366495998,0.0020712078747012,0.76025,0.76025,False,False
arbequina,wd_state,15.0,6,with_year,0,numpyro_main_arbequina_wd_state_sens_tau15p0d_k6_with_year,-0.0002902339516146,-0.000919908706953,0.0004938526551755,0.244,0.756,-0.0005648826702317,-0.0015757254624732,0.0005803754068694,0.188875,0.811125,-0.0019767841392757,-0.0044943745189784,0.0004908923926968,0.0955,0.9045,0.0006744637375615,-0.0010912773000942,0.0026436135356367,0.761125,0.761125,False,False
arbequina,wd_state,15.0,6,with_year,10,numpyro_main_arbequina_wd_state_sens_tau15p0d_k6_with_year,-0.0003142278597879,-0.0010073782811122,0.0005165923651904,0.246,0.754,-0.0005510702169801,-0.001554174505594,0.000604607649579,0.199375,0.800625,-0.0016767187282504,-0.0037933569200155,0.0003983830000903,0.092375,0.907625,0.0006983221156744,-0.001159228144534,0.0028283677230021,0.759375,0.759375,False,False
arbequina,wd_state,15.0,8,no_year,-10,numpyro_main_arbequina_wd_state_noyearre_sens_tau15p0d_k8_no_year,8.162814764177898e-05,-0.0005672662585284,0.0010178739415297,0.57275,0.57275,-0.0004833993504382,-0.001495816188559,0.0006924609264704,0.236125,0.763875,-0.0042001102026387,-0.0062689978440317,-0.0021121158495586,0.000875,0.999125,-0.0006938358183908,-0.0020317980357836,0.0005962271767072,0.194875,0.805125,True,True
arbequina,wd_state,15.0,8,no_year,0,numpyro_main_arbequina_wd_state_noyearre_sens_tau15p0d_k8_no_year,0.000185915365594,-0.000466771181817,0.0011264309384715,0.65825,0.65825,-0.0002458147022388,-0.0011943013694193,0.0009514504938017,0.351875,0.6481250000000001,-0.0037131742467546,-0.0055909612052687,-0.0018472215067091,0.00075,0.99925,-0.0007496397803154,-0.002640968143208,0.0010573512765018,0.24575,0.75425,True,True
arbequina,wd_state,15.0,8,no_year,10,numpyro_main_arbequina_wd_state_noyearre_sens_tau15p0d_k8_no_year,0.000287375027721,-0.0004027617041199,0.0012549312248611,0.739,0.739,-3.258038304557485e-05,-0.0009564120145225,0.0011616138710927,0.482375,0.517625,-0.0026542851347776,-0.0042095141488164,-0.0010924025968552,0.002875,0.997125,-0.0007517113870269,-0.0029341335768917,0.0013649038091744,0.276125,0.723875,True,False
arbequina,wd_state,15.0,8,with_year,-10,numpyro_main_arbequina_wd_state_sens_tau15p0d_k8_with_year,-0.0001870676889011,-0.000819669931178,0.0008422812321035,0.345625,0.6543749999999999,-0.0004901722542007,-0.0015702625806401,0.001008472639216,0.263625,0.736375,-0.0021988599905452,-0.0049372037719395,0.0006721338957788,0.096625,0.903375,0.0007053475096916,-0.0009490531545906,0.0027225883693701,0.779125,0.779125,False,True
arbequina,wd_state,15.0,8,with_year,0,numpyro_main_arbequina_wd_state_sens_tau15p0d_k8_with_year,-0.0001998891910868,-0.0008780449276679,0.0008368071607232,0.339125,0.660875,-0.0004482329660521,-0.0014721424023634,0.0010069226422314,0.280125,0.719875,-0.0020558709852099,-0.0045452545535928,0.000593921619611,0.095,0.905,0.0009834931974727,-0.001178070705045,0.0040545101571796,0.795375,0.795375,False,True
arbequina,wd_state,15.0,8,with_year,10,numpyro_main_arbequina_wd_state_sens_tau15p0d_k8_with_year,-0.000235043775398,-0.0009952398564677,0.0007865639124663,0.320625,0.6793750000000001,-0.0004333837115894,-0.0014540560063244,0.0009892585142394,0.282375,0.717625,-0.0016385050800262,-0.003667220647438,0.0006008165575563,0.105,0.895,0.0010954433226074,-0.0012900677013669,0.0047417696665338,0.79525,0.79525,False,True
arbequina,wd_state,30.0,4,no_year,-10,numpyro_main_arbequina_wd_state_noyearre_sens_tau30p0d_k4_no_year,-0.0005190369453656,-0.0010618874077676,9.57052994316292e-05,0.083375,0.916625,-0.0014234877915483,-0.0022126777815373,-0.0006068762334949,0.002375,0.997625,-0.0031050162884448,-0.0049332238440846,-0.0014641031674279,0.00075,0.99925,-0.000125525821286,-0.0014083229433242,0.0007954653509453,0.433125,0.566875,False,False
arbequina,wd_state,30.0,4,no_year,0,numpyro_main_arbequina_wd_state_noyearre_sens_tau30p0d_k4_no_year,-0.0004096580110001,-0.0010034479583285,0.0002868809036775,0.165,0.835,-0.0012258078500859,-0.0019871989698671,-0.0004072710539011,0.007,0.993,-0.0029735908394296,-0.0046360369261747,-0.001422693738119,0.000625,0.999375,-0.000212305452968,-0.0016339797901046,0.0007812181593612,0.39825,0.60175,False,False
arbequina,wd_state,30.0,4,no_year,10,numpyro_main_arbequina_wd_state_noyearre_sens_tau30p0d_k4_no_year,-0.0003051169567465,-0.0009600961287074,0.0004916496368721,0.2615,0.7384999999999999,-0.0010345082661582,-0.0018438273726604,-0.0001762570429053,0.02525,0.97475,-0.0026767736496713,-0.0040817647941662,-0.0013059453686852,0.00075,0.99925,-0.0002547288802396,-0.0016678424750462,0.0007190733249656,0.377,0.623,False,False
arbequina,wd_state,30.0,4,with_year,-10,numpyro_main_arbequina_wd_state_sens_tau30p0d_k4_with_year,-0.0005329608887114,-0.0012324834190382,0.0002113771171793,0.114125,0.885875,-0.0009909027848802,-0.0021522002162327,0.0002107108674368,0.084625,0.915375,-0.0016761334194643,-0.0036528039648639,0.0003147893607259,0.07775,0.92225,0.0003858480649348,-0.0005953735090583,0.0011845753831798,0.77725,0.77725,False,False
arbequina,wd_state,30.0,4,with_year,0,numpyro_main_arbequina_wd_state_sens_tau30p0d_k4_with_year,-0.0005074590858015,-0.0012270370985118,0.0002527743989589,0.126125,0.873875,-0.0009439864070671,-0.0020863086568269,0.000250839415524,0.088875,0.911125,-0.0016853136015696,-0.0036294852341353,0.0002976802864553,0.0765,0.9235,0.000371849634215,-0.0006713440212141,0.0011925873680433,0.759,0.759,False,False
arbequina,wd_state,30.0,4,with_year,10,numpyro_main_arbequina_wd_state_sens_tau30p0d_k4_with_year,-0.0004858942001216,-0.0012153925367383,0.0002971700769064,0.145625,0.854375,-0.0009058358973771,-0.0020432331594982,0.0002799466795248,0.0975,0.9025,-0.0016189899426128,-0.0034818696348797,0.0002815493748492,0.077625,0.922375,0.0003396962270872,-0.0006817353126814,0.0011294549760679,0.747125,0.747125,False,False
arbequina,wd_state,30.0,5,no_year,-10,numpyro_main_arbequina_wd_state_noyearre_sens_tau30p0d_k5_no_year,-0.0001724213962448,-0.000745687404293,0.0005103301223237,0.33125,0.66875,-0.0010015557237544,-0.0018426245212301,-0.0001155991545621,0.033875,0.966125,-0.0038251111176938,-0.005644929213486,-0.0020649816024574,0.000125,0.999875,-0.000454276005922,-0.0019234905076367,0.0008721527695322,0.30075,0.6992499999999999,False,True
arbequina,wd_state,30.0,5,no_year,0,numpyro_main_arbequina_wd_state_noyearre_sens_tau30p0d_k5_no_year,-7.12602025620474e-05,-0.000694742863069,0.0006374188021643,0.43325,0.56675,-0.0007521513697369,-0.0015605616867213,0.0001701391227472,0.08475,0.91525,-0.0035189248725036,-0.0051474646898709,-0.0019216327858803,0.000125,0.999875,-0.0005581464133919,-0.0023245456968535,0.0009837211376786,0.295375,0.7046250000000001,False,True
arbequina,wd_state,30.0,5,no_year,10,numpyro_main_arbequina_wd_state_noyearre_sens_tau30p0d_k5_no_year,3.2294875213130145e-05,-0.0006750721787563,0.000794626348974,0.52525,0.52525,-0.0005220659680936,-0.0013548055294625,0.0004433327078664,0.182125,0.817875,-0.0028853840585288,-0.0042179804368763,-0.001554972610327,0.0,1.0,-0.0005832969616364,-0.0024235713108056,0.0009912488709702,0.294625,0.705375,True,True
arbequina,wd_state,30.0,5,with_year,-10,numpyro_main_arbequina_wd_state_sens_tau30p0d_k5_with_year,-0.0003460788256811,-0.0009589878925596,0.0003952490131554,0.199125,0.800875,-0.0007574634501275,-0.0017289536731314,0.0002548656649377,0.10825,0.89175,-0.0020170804233758,-0.0043080181728151,0.0002235608927949,0.066,0.934,0.0004188042385408,-0.0011187262969959,0.0016172363655849,0.7105,0.7105,False,False
arbequina,wd_state,30.0,5,with_year,0,numpyro_main_arbequina_wd_state_sens_tau30p0d_k5_with_year,-0.000344204528377,-0.0009925729063451,0.0004600094423098,0.216375,0.783625,-0.0006982444056032,-0.0016478032816525,0.0003460027424632,0.131375,0.868625,-0.0019354364667329,-0.0040816703944495,0.0001781475871869,0.064375,0.935625,0.0004562301985912,-0.0013351152747967,0.0018287000660614,0.702125,0.702125,False,False
arbequina,wd_state,30.0,5,with_year,10,numpyro_main_arbequina_wd_state_sens_tau30p0d_k5_with_year,-0.000346500580816,-0.0010630532326812,0.0005408759540983,0.232,0.768,-0.0006569326503099,-0.001641526636894,0.000463920724933,0.157,0.843,-0.0017274628214438,-0.0035917359903696,0.0001388174821148,0.0635,0.9365,0.0004490111678542,-0.0013853151294647,0.0018584996587974,0.69825,0.69825,False,False
arbequina,wd_state,30.0,6,no_year,-10,numpyro_main_arbequina_wd_state_noyearre_sens_tau30p0d_k6_no_year,-0.0001999315935257,-0.0007870388468154,0.0004916685669868,0.30375,0.69625,-0.0009292698514656,-0.0019885129466802,8.828623075985564e-05,0.066,0.934,-0.003939267799561,-0.0057634643049765,-0.0020955161722077,0.000125,0.999875,-0.0005838616769287,-0.002135619669879,0.0008703119676715,0.260625,0.739375,False,True
arbequina,wd_state,30.0,6,no_year,0,numpyro_main_arbequina_wd_state_noyearre_sens_tau30p0d_k6_no_year,-9.516187240537398e-05,-0.000698321527108,0.0006229959412718,0.41,0.5900000000000001,-0.0007140313673415,-0.0016637736435024,0.0002926096459036,0.113625,0.886375,-0.0035847886581781,-0.0052611365048134,-0.0019290824002034,0.00025,0.99975,-0.0007609760375414,-0.002828967111523,0.0010659521997852,0.254875,0.745125,False,True
arbequina,wd_state,30.0,6,no_year,10,numpyro_main_arbequina_wd_state_noyearre_sens_tau30p0d_k6_no_year,2.4576740715220063e-05,-0.000647187108876,0.0007882639393943,0.520125,0.520125,-0.0005039105151035,-0.0013983804095277,0.0004940158073158,0.19225,0.80775,-0.0028228496974729,-0.0043023474286187,-0.0014334419160257,0.00075,0.99925,-0.0008176800094145,-0.0031018691692437,0.0011427659715448,0.2595,0.7404999999999999,True,True
arbequina,wd_state,30.0,6,with_year,-10,numpyro_main_arbequina_wd_state_sens_tau30p0d_k6_with_year,-0.000284164247913,-0.0008909315225106,0.0004797047385726,0.25025,0.74975,-0.0007005914006003,-0.0017585792574436,0.0005050958777492,0.15775,0.8422499999999999,-0.0020983654434941,-0.0044862475549096,0.0001819698145898,0.06275,0.93725,0.0004740203084095,-0.0013054172570194,0.0020555858088661,0.700875,0.700875,False,False
arbequina,wd_state,30.0,6,with_year,0,numpyro_main_arbequina_wd_state_sens_tau30p0d_k6_with_year,-0.000277818777174,-0.0009253014067495,0.0005274683143669,0.267875,0.732125,-0.0006301290712121,-0.0016509891032025,0.0005536078214602,0.1765,0.8235,-0.0019970019938318,-0.0042059921970016,0.0001463966722116,0.060125,0.939875,0.0005602723943316,-0.0016423941453507,0.0025851424700653,0.699125,0.699125,False,False
arbequina,wd_state,30.0,6,with_year,10,numpyro_main_arbequina_wd_state_sens_tau30p0d_k6_with_year,-0.0002839980331826,-0.0010059515165027,0.000603283701004,0.283,0.7170000000000001,-0.0005787147246901,-0.0016055910236489,0.0005975347933012,0.201125,0.798875,-0.0017179322633064,-0.0036318363648114,0.0001366409030165,0.064375,0.935625,0.0005872018243868,-0.0017662508102878,0.0027916723381788,0.699,0.699,False,False
arbequina,wd_state,30.0,8,no_year,-10,numpyro_main_arbequina_wd_state_noyearre_sens_tau30p0d_k8_no_year,-0.000287850973381,-0.0008212895156606,0.0005249668409044,0.230375,0.769625,-0.0007606374717013,-0.0020254648046041,0.0001210981695066,0.0665,0.9335,-0.0035018006961124,-0.0057854515198488,-0.0009991482363066,0.00025,0.99975,-0.0002135182810913,-0.0020781771731039,0.0010694304537062,0.44075,0.55925,False,False
arbequina,wd_state,30.0,8,no_year,0,numpyro_main_arbequina_wd_state_noyearre_sens_tau30p0d_k8_no_year,-0.0002392191755596,-0.0007235512506556,0.0006504309528596,0.293125,0.7068749999999999,-0.0006625046218954,-0.0016764142325723,0.0003372383605025,0.103875,0.8961250000000001,-0.0031868875238091,-0.0052762108628216,-0.0009887525334548,0.00025,0.99975,-0.0002754226928371,-0.0030133116846287,0.001396756868834,0.44375,0.55625,False,False
arbequina,wd_state,30.0,8,no_year,10,numpyro_main_arbequina_wd_state_noyearre_sens_tau30p0d_k8_no_year,-0.0001727401094829,-0.0006825994693876,0.0007870346977719,0.373875,0.626125,-0.0005690593675208,-0.001380899212619,0.0005008744940702,0.166375,0.8336250000000001,-0.002467625596466,-0.0043984743684981,-0.0008770754196712,0.001,0.999,-0.0002815477512032,-0.0034179031257466,0.0015555785454482,0.44975,0.55025,False,True
arbequina,wd_state,30.0,8,with_year,-10,numpyro_main_arbequina_wd_state_sens_tau30p0d_k8_with_year,-0.0002192561292432,-0.0008636383728939,0.0008787837612515,0.317,0.683,-0.0006074397918039,-0.0017519828585911,0.0009075012054605,0.218125,0.781875,-0.0021925147497419,-0.0046398132124727,0.0002127529675967,0.06675,0.93325,0.0005315082161831,-0.001357996007617,0.0024813315688128,0.713375,0.713375,False,True
arbequina,wd_state,30.0,8,with_year,0,numpyro_main_arbequina_wd_state_sens_tau30p0d_k8_with_year,-0.0002168260084507,-0.0008865667880067,0.0008780435325538,0.330625,0.669375,-0.000534875080008,-0.0016347291107464,0.0009799488558123,0.239375,0.760625,-0.0020519497825917,-0.0042785269879759,0.0001903221768793,0.0645,0.9355,0.000748671783791,-0.001859095331503,0.003829118026068,0.725875,0.725875,False,True
arbequina,wd_state,30.0,8,with_year,10,numpyro_main_arbequina_wd_state_sens_tau30p0d_k8_with_year,-0.0002268527633753,-0.0009590723594928,0.0008914820202095,0.333375,0.666625,-0.0004928486994648,-0.0015575228432078,0.001004160014229,0.25425,0.74575,-0.0017163535902816,-0.0036242950230563,0.0002920329464415,0.0805,0.9195,0.0008277496387092,-0.0020660329143697,0.0044602616691512,0.726625,0.726625,False,True
arbequina,wd_state,45.0,4,no_year,-10,numpyro_main_arbequina_wd_state_noyearre_sens_tau45p0d_k4_no_year,-0.00069036638816,-0.0012604736675045,-7.448063150384613e-05,0.0335,0.9665,-0.0015288642249423,-0.0023198527377599,-0.0007942736950847,0.001,0.999,-0.0029624687148323,-0.0045133127027848,-0.0014290010322091,0.000125,0.999875,0.0003057715366324,-0.0010598786451152,0.001076727582708,0.659375,0.659375,False,False
arbequina,wd_state,45.0,4,no_year,0,numpyro_main_arbequina_wd_state_noyearre_sens_tau45p0d_k4_no_year,-0.0006142720397986,-0.0012267642748236,8.377477070999908e-05,0.07325,0.92675,-0.0013937992692475,-0.0021985485949181,-0.0006271076094146,0.00275,0.99725,-0.0029026225319474,-0.0043088454650726,-0.0014355441409738,0.000125,0.999875,0.0002448933305379,-0.0012625088939441,0.001064939248108,0.6245,0.6245,False,False
arbequina,wd_state,45.0,4,no_year,10,numpyro_main_arbequina_wd_state_noyearre_sens_tau45p0d_k4_no_year,-0.0005415055040198,-0.0012021471344235,0.000255649019063,0.119875,0.880125,-0.0012497779847121,-0.0021043254643398,-0.0003969864513622,0.008875,0.991125,-0.0026926218218495,-0.0039640100736134,-0.0013964132618808,0.00025,0.99975,0.0001953399612119,-0.0013082509757998,0.0009943454142983,0.6025,0.6025,False,False
arbequina,wd_state,45.0,4,with_year,-10,numpyro_main_arbequina_wd_state_sens_tau45p0d_k4_with_year,-0.0005543674139434,-0.0012568292689223,0.0001631004777369,0.097625,0.902375,-0.0010049191568074,-0.0020886726176193,9.23050687755694e-05,0.065625,0.934375,-0.0016698954232285,-0.0034399833678618,0.0001000757277553,0.06025,0.93975,0.0004283873050877,-0.0005833241681559,0.0012723039872602,0.795625,0.795625,False,False
arbequina,wd_state,45.0,4,with_year,0,numpyro_main_arbequina_wd_state_sens_tau45p0d_k4_with_year,-0.00053845516135,-0.0012559154382164,0.0002136329191091,0.11425,0.88575,-0.0009708783605023,-0.0020556239328684,0.0001328111702424,0.075125,0.924875,-0.0016770739027916,-0.0034223671805717,9.155922358727328e-05,0.0595,0.9405,0.0004122170207787,-0.0006816715697603,0.0012894842172576,0.7805,0.7805,False,False
arbequina,wd_state,45.0,4,with_year,10,numpyro_main_arbequina_wd_state_sens_tau45p0d_k4_with_year,-0.0005210926223747,-0.0012626881339484,0.0002718579458966,0.131875,0.868125,-0.0009382613119853,-0.0020418031900297,0.0001716659827405,0.0845,0.9155,-0.0016315776011188,-0.0032959567317347,9.597970828327084e-05,0.058875,0.941125,0.0003751213151657,-0.0007051630307192,0.0012219492115345,0.769375,0.769375,False,False
arbequina,wd_state,45.0,5,no_year,-10,numpyro_main_arbequina_wd_state_noyearre_sens_tau45p0d_k5_no_year,-0.0003876640136461,-0.0009644920913043,0.0003272266769566,0.177875,0.822125,-0.0011555681881909,-0.0019906237104155,-0.0002711571229684,0.019375,0.980625,-0.0033989320546058,-0.0049908599227808,-0.0018383539016345,0.0,1.0,-1.8814627700422808e-05,-0.001697398694731,0.0012565859605897,0.493,0.507,False,False
arbequina,wd_state,45.0,5,no_year,0,numpyro_main_arbequina_wd_state_noyearre_sens_tau45p0d_k5_no_year,-0.0003185490506083,-0.0009397337849982,0.000455106263401,0.24,0.76,-0.0009783626923646,-0.0018067084911268,-2.794308956715276e-05,0.044875,0.955125,-0.0031860810954798,-0.0046215883597988,-0.0017662285548407,0.0,1.0,-7.076851009603835e-05,-0.0020884700112405,0.001400320498098,0.4765,0.5235000000000001,False,False
arbequina,wd_state,45.0,5,no_year,10,numpyro_main_arbequina_wd_state_noyearre_sens_tau45p0d_k5_no_year,-0.0002437485314442,-0.0009490403485642,0.0006009391112778,0.3115,0.6885,-0.0008145856134492,-0.0016825837821395,0.0002164310379887,0.0895,0.9105,-0.0027316490784177,-0.0039497016560733,-0.0015255631668916,0.0,1.0,-9.702803450454482e-05,-0.002200079073617,0.0013969764093051,0.4695,0.5305,False,True
arbequina,wd_state,45.0,5,with_year,-10,numpyro_main_arbequina_wd_state_sens_tau45p0d_k5_with_year,-0.0003856765970751,-0.001015043963582,0.0003474147721275,0.17175,0.8282499999999999,-0.0007963848720381,-0.0017544245006072,0.0001727529755144,0.085875,0.914125,-0.0019037015218607,-0.0038776302832444,6.74922139447651e-05,0.055625,0.944375,0.0004384768526971,-0.0012575653431851,0.0017064499850798,0.704375,0.704375,False,False
arbequina,wd_state,45.0,5,with_year,0,numpyro_main_arbequina_wd_state_sens_tau45p0d_k5_with_year,-0.0003789644581325,-0.0010535061569375,0.0004312688126438,0.196125,0.803875,-0.000744004042333,-0.0017024198846479,0.0002795030294899,0.109125,0.890875,-0.0018578303542553,-0.0036876726798406,4.19869185784672e-05,0.052625,0.947375,0.000471483845551,-0.0015143674178467,0.0019340445955037,0.6935,0.6935,False,False
arbequina,wd_state,45.0,5,with_year,10,numpyro_main_arbequina_wd_state_sens_tau45p0d_k5_with_year,-0.0003779945245453,-0.0011310478161914,0.0005267628090857,0.21775,0.78225,-0.0007040721474306,-0.0017016067987679,0.0004101323586211,0.136375,0.863625,-0.0016784058403391,-0.0033216122220355,3.5854449974119143e-06,0.05025,0.94975,0.0004609988651321,-0.0015812926781082,0.0019568793421261,0.686625,0.686625,False,False
arbequina,wd_state,45.0,6,no_year,-10,numpyro_main_arbequina_wd_state_noyearre_sens_tau45p0d_k6_no_year,-0.0003802596024628,-0.0009828425862201,0.0003143574080098,0.1715,0.8285,-0.0011081193723036,-0.0022585198343922,-0.0001478945039574,0.0315,0.9685,-0.0035200315600415,-0.0052024381493728,-0.0019190035911298,0.0,1.0,-0.000198711265294,-0.0020582964875649,0.0013266264098169,0.426875,0.573125,False,False
arbequina,wd_state,45.0,6,no_year,0,numpyro_main_arbequina_wd_state_noyearre_sens_tau45p0d_k6_no_year,-0.0002983322273162,-0.0008978793136339,0.0004409474728937,0.24625,0.75375,-0.0009456414743748,-0.0019655869373445,3.486492844434008e-05,0.056875,0.943125,-0.0032698761849222,-0.0048164845570107,-0.0018117521120065,0.0,1.0,-0.000307961668895,-0.0027777414823947,0.0015823768141046,0.413625,0.586375,False,False
arbequina,wd_state,45.0,6,no_year,10,numpyro_main_arbequina_wd_state_noyearre_sens_tau45p0d_k6_no_year,-0.0002055245764529,-0.0008843131359676,0.0005918103964956,0.333625,0.6663749999999999,-0.000784452140935,-0.0017139613004524,0.0002263814327726,0.096625,0.903375,-0.0027343384522503,-0.0041233650040449,-0.0014750744666965,0.00025,0.99975,-0.0003538406754778,-0.0030652756642242,0.0016558740430013,0.408125,0.5918749999999999,False,True
arbequina,wd_state,45.0,6,with_year,-10,numpyro_main_arbequina_wd_state_sens_tau45p0d_k6_with_year,-0.0003210888317734,-0.0009720872033733,0.0004724031415269,0.211,0.789,-0.0007381478992092,-0.0018165582628918,0.0004182724864387,0.127625,0.872375,-0.0019572078293719,-0.0040384545845369,9.118751788765409e-05,0.05925,0.94075,0.0004852203773124,-0.0015224383351115,0.0021399389719624,0.699,0.699,False,False
arbequina,wd_state,45.0,6,with_year,0,numpyro_main_arbequina_wd_state_sens_tau45p0d_k6_with_year,-0.0003148156604681,-0.0009927775748122,0.0005298099098545,0.231125,0.768875,-0.0006757324783179,-0.0017233321108346,0.0004874399892795,0.146625,0.853375,-0.0018866916001131,-0.0038041994285493,3.293739798438988e-05,0.05325,0.94675,0.0005716016119603,-0.0019876376688724,0.0027139481031898,0.69125,0.69125,False,False
arbequina,wd_state,45.0,6,with_year,10,numpyro_main_arbequina_wd_state_sens_tau45p0d_k6_with_year,-0.0003176080723525,-0.0010828606539258,0.0006246733108002,0.25,0.75,-0.0006322714564682,-0.0016967798619127,0.0005942801500165,0.166375,0.8336250000000001,-0.0016576939425858,-0.0033509034803052,7.315476987952562e-05,0.05725,0.94275,0.0005888070756914,-0.0021681778200925,0.0029211696383297,0.688625,0.688625,False,False
arbequina,wd_state,45.0,8,no_year,-10,numpyro_main_arbequina_wd_state_noyearre_sens_tau45p0d_k8_no_year,-0.0003856940738783,-0.0012122497610905,0.0005015082228002,0.203,0.7969999999999999,-0.001132440533688,-0.0026928543835358,3.716781306700905e-05,0.055375,0.944625,-0.0036441462292305,-0.0054542073421012,-0.0019942356693627,0.000375,0.999625,-0.0003754824873055,-0.002321369711031,0.0012756739194939,0.37375,0.62625,False,False
arbequina,wd_state,45.0,8,no_year,0,numpyro_main_arbequina_wd_state_noyearre_sens_tau45p0d_k8_no_year,-0.0003009006822559,-0.0010600781226528,0.0006184529486518,0.2625,0.7375,-0.000954282098744,-0.0023335958864762,0.0002311184205976,0.087,0.913,-0.0033916639175015,-0.0051101619815826,-0.0018478542231415,0.0005,0.9995,-0.000573346101932,-0.0035594969120608,0.0017485358856173,0.364375,0.635625,False,False
arbequina,wd_state,45.0,8,no_year,10,numpyro_main_arbequina_wd_state_noyearre_sens_tau45p0d_k8_no_year,-0.0001949847598518,-0.0009492857719614,0.0007549220666381,0.34625,0.65375,-0.0007885491127726,-0.0019880615473707,0.0004250721899801,0.127375,0.872625,-0.0028076948750465,-0.0045692875658536,-0.001392142965918,0.001125,0.998875,-0.000671465271732,-0.0041643780587573,0.0020161406977441,0.363875,0.636125,False,True
arbequina,wd_state,45.0,8,with_year,-10,numpyro_main_arbequina_wd_state_sens_tau45p0d_k8_with_year,-0.0002524510445495,-0.0009873999856054,0.0008647367352881,0.290125,0.709875,-0.0006604350082414,-0.001940612868058,0.0009494931126619,0.193125,0.806875,-0.0019571145713331,-0.0040998800357692,0.0002007497536579,0.0675,0.9325,0.0005120590020189,-0.0016856970850287,0.0025937647258389,0.6865,0.6865,False,False
arbequina,wd_state,45.0,8,with_year,0,numpyro_main_arbequina_wd_state_sens_tau45p0d_k8_with_year,-0.0002480585745313,-0.0009984748246398,0.0008966947923297,0.308375,0.6916249999999999,-0.000597628362865,-0.0017890544670931,0.0009869528530861,0.21675,0.78325,-0.0018486024690998,-0.0038528729026002,0.0001720685677756,0.0645,0.9355,0.000717270204217,-0.0023427476704775,0.0039703952954107,0.691625,0.691625,False,True
arbequina,wd_state,45.0,8,with_year,10,numpyro_main_arbequina_wd_state_sens_tau45p0d_k8_with_year,-0.0002528445790723,-0.0010646141224103,0.0009196112560266,0.319,0.681,-0.0005512398993052,-0.0017279555855711,0.0010001347246792,0.233375,0.766625,-0.0015884768746645,-0.0033900885251872,0.000263087282288,0.0775,0.9225,0.000798574362116,-0.0026590167233072,0.0045834083227844,0.692625,0.692625,False,True
arbequina,wd_state,60.0,4,no_year,-10,numpyro_main_arbequina_wd_state_noyearre_sens_tau60p0d_k4_no_year,-0.0008590566635271,-0.001403171526115,-0.0002102302950953,0.01625,0.98375,-0.0016449055068576,-0.0024027608604036,-0.0008891766170745,0.0,1.0,-0.0028726115691849,-0.0041893787736653,-0.0016656781893754,0.0,1.0,0.0005617895418614,-0.0007394857107033,0.0013010845730207,0.788125,0.788125,False,False
arbequina,wd_state,60.0,4,no_year,0,numpyro_main_arbequina_wd_state_noyearre_sens_tau60p0d_k4_no_year,-0.0008143854546057,-0.0013873761359224,-7.617265298298557e-05,0.03525,0.96475,-0.0015578601643582,-0.0023401499890057,-0.0007383901647368,0.001,0.999,-0.0028601950694827,-0.0040740352976788,-0.0016972604205038,0.0,1.0,0.0005259750864226,-0.0009186991794879,0.0013021525847482,0.756125,0.756125,False,False
arbequina,wd_state,60.0,4,no_year,10,numpyro_main_arbequina_wd_state_noyearre_sens_tau60p0d_k4_no_year,-0.000768577315926,-0.0013750523588227,6.422254471359087e-05,0.06375,0.93625,-0.0014722542358785,-0.0022974932137894,-0.0005741224880108,0.0045,0.9955,-0.0027258825024431,-0.0038552168764421,-0.001641588475684,0.0,1.0,0.0004698471548295,-0.0009741895658977,0.0012212082064124,0.7375,0.7375,False,False
arbequina,wd_state,60.0,4,with_year,-10,numpyro_main_arbequina_wd_state_sens_tau60p0d_k4_with_year,-0.000578096097806,-0.0012563603823085,0.0001322332738363,0.088625,0.911375,-0.0010056895663298,-0.0020481309578865,2.9049676825115328e-05,0.055,0.945,-0.0015900456767031,-0.0032582799000098,4.423794678564952e-05,0.054,0.946,0.0004721147015873,-0.0005887160384586,0.0013332161145267,0.804,0.804,False,False
arbequina,wd_state,60.0,4,with_year,0,numpyro_main_arbequina_wd_state_sens_tau60p0d_k4_with_year,-0.000564832456701,-0.001262349041045,0.0001871415806493,0.10325,0.89675,-0.0009831155047589,-0.0020273600421272,6.088142259805138e-05,0.062,0.938,-0.0016004059866815,-0.0032497067256804,8.47870760786287e-06,0.050875,0.949125,0.0004584516245926,-0.0006931321505439,0.0013692652546904,0.78425,0.78425,False,False
arbequina,wd_state,60.0,4,with_year,10,numpyro_main_arbequina_wd_state_sens_tau60p0d_k4_with_year,-0.0005503420267718,-0.0012803052343078,0.0002508930337145,0.119625,0.880375,-0.0009616730144196,-0.0020167581532043,0.0001196288966513,0.072125,0.927875,-0.0015768713248692,-0.003151384501509,-1.2691015575895187e-05,0.049125,0.950875,0.0004208347777716,-0.000719537752859,0.0013110838287274,0.77375,0.77375,False,False
arbequina,wd_state,60.0,5,no_year,-10,numpyro_main_arbequina_wd_state_noyearre_sens_tau60p0d_k5_no_year,-0.0005526386403377,-0.0010968489939814,0.0001777499372586,0.100875,0.899125,-0.0012626144250497,-0.0020816238310241,-0.000413430824253,0.01075,0.98925,-0.00309535605454,-0.0046170111823115,-0.0017292653220029,0.000125,0.999875,0.0003827025122745,-0.0015055985698666,0.0015888132331426,0.637625,0.637625,False,False
arbequina,wd_state,60.0,5,no_year,0,numpyro_main_arbequina_wd_state_noyearre_sens_tau60p0d_k5_no_year,-0.0005110980131235,-0.0011000033260906,0.000305237298412,0.143125,0.856875,-0.0011400100545548,-0.0019471306910527,-0.0002106546902829,0.027375,0.972625,-0.0029803368531748,-0.0043438475900419,-0.0017055415971954,0.0,1.0,0.000386361449812,-0.0019004137146307,0.001776747879377,0.621,0.621,False,False
arbequina,wd_state,60.0,5,no_year,10,numpyro_main_arbequina_wd_state_noyearre_sens_tau60p0d_k5_no_year,-0.000472331706004,-0.0011408076282618,0.0004545167532246,0.189125,0.810875,-0.0010340129348305,-0.0018652263871002,4.321609726863024e-06,0.05075,0.94925,-0.0026622588505607,-0.0038043300572382,-0.0015431738347748,0.00025,0.99975,0.0003683612279406,-0.0020187404590757,0.0017788982930917,0.611,0.611,False,False
arbequina,wd_state,60.0,5,with_year,-10,numpyro_main_arbequina_wd_state_sens_tau60p0d_k5_with_year,-0.0004100737531731,-0.0010718372108529,0.0003272080017786,0.165375,0.834625,-0.0007917864577963,-0.0017454341978485,0.000181631286682,0.083375,0.916625,-0.001691848423136,-0.0035802665628118,0.0001019267343511,0.060125,0.939875,0.0004941285175732,-0.001323091350465,0.0019240312690757,0.719875,0.719875,False,False
arbequina,wd_state,60.0,5,with_year,0,numpyro_main_arbequina_wd_state_sens_tau60p0d_k5_with_year,-0.0004143111067411,-0.0011346028835302,0.0004188141748753,0.18525,0.81475,-0.000757723594337,-0.0017215443182412,0.000267393552834,0.103125,0.896875,-0.0016689562393609,-0.0034166484935474,4.155740922307459e-05,0.05325,0.94675,0.0005303042707582,-0.00160755575243,0.0021985585042548,0.709,0.709,False,False
arbequina,wd_state,60.0,5,with_year,10,numpyro_main_arbequina_wd_state_sens_tau60p0d_k5_with_year,-0.0004146742553907,-0.0012340917715818,0.0005314284954433,0.206375,0.793625,-0.0007336184223189,-0.001760235700108,0.0003843419705538,0.12525,0.87475,-0.001539462063705,-0.0030747062842189,-7.932124263315254e-06,0.0485,0.9515,0.0005162956408145,-0.0016930072023777,0.0022212808189496,0.704,0.704,False,False
arbequina,wd_state,60.0,6,no_year,-10,numpyro_main_arbequina_wd_state_noyearre_sens_tau60p0d_k6_no_year,-0.0004982071415061,-0.0011268554779265,0.0002495555852159,0.1215,0.8785000000000001,-0.0011935359998774,-0.0022972059763242,-0.0002414101570486,0.023625,0.976375,-0.0032197881329438,-0.0048234268316687,-0.0017375641748866,0.000125,0.999875,0.0001729858799435,-0.0019023647480444,0.0016813866741247,0.5585,0.5585,False,False
arbequina,wd_state,60.0,6,no_year,0,numpyro_main_arbequina_wd_state_noyearre_sens_tau60p0d_k6_no_year,-0.0004457751617673,-0.0010724540120517,0.0003576789596447,0.1685,0.8315,-0.0010701733282587,-0.0020512768573209,-7.224603662557987e-05,0.0395,0.9605,-0.0030481171774972,-0.0045001564013131,-0.0017043706924135,0.000125,0.999875,0.0001431030308909,-0.0026157427342691,0.0020340729713184,0.535,0.535,False,False
arbequina,wd_state,60.0,6,no_year,10,numpyro_main_arbequina_wd_state_noyearre_sens_tau60p0d_k6_no_year,-0.0003892980550459,-0.0010767519895322,0.0004950067315113,0.2255,0.7745,-0.0009579240451517,-0.0018886601988221,0.0001133414126579,0.070125,0.929875,-0.0026393119249979,-0.0039400120935178,-0.0014706391088894,0.0,1.0,0.0001113042792661,-0.0029354330126955,0.0021304206070988,0.526375,0.526375,False,False
arbequina,wd_state,60.0,6,with_year,-10,numpyro_main_arbequina_wd_state_sens_tau60p0d_k6_with_year,-0.0003412314022345,-0.0010193212369495,0.0004971986395499,0.21975,0.78025,-0.0007216280692007,-0.0018084029590984,0.0003765541985434,0.129625,0.870375,-0.001803694508391,-0.0037469934644985,9.880938902557945e-05,0.060125,0.939875,0.0005182350399931,-0.0016972458744564,0.0022878106926544,0.685375,0.685375,False,False
arbequina,wd_state,60.0,6,with_year,0,numpyro_main_arbequina_wd_state_sens_tau60p0d_k6_with_year,-0.0003419673726385,-0.0010664944600308,0.000581185575948,0.239625,0.760375,-0.000677763649004,-0.0017426416527229,0.0004667200134129,0.15375,0.84625,-0.0017427441072801,-0.0035357424742853,3.3171938113596385e-05,0.053375,0.946625,0.0006115741417884,-0.0022211007394938,0.0029139026569649,0.6775,0.6775,False,False
arbequina,wd_state,60.0,6,with_year,10,numpyro_main_arbequina_wd_state_sens_tau60p0d_k6_with_year,-0.0003485277401394,-0.0011667141054696,0.0006794813384538,0.258375,0.741625,-0.0006525439134704,-0.0017366301109398,0.0005694435456451,0.177625,0.822375,-0.001572854211772,-0.0031565025051919,3.0903944100301475e-05,0.054875,0.945125,0.0006224495110224,-0.0024127111343289,0.0031595782127522,0.6745,0.6745,False,False
arbequina,wd_state,60.0,8,no_year,-10,numpyro_main_arbequina_wd_state_noyearre_sens_tau60p0d_k8_no_year,-0.0005059549603019,-0.0015258668186033,0.0004252374358531,0.149375,0.850625,-0.0012401066042706,-0.0031236499887877,-5.6126127252827e-05,0.045125,0.954875,-0.0033334413988559,-0.005161677284767,-0.0017971934774209,0.0,1.0,-0.0001006681687966,-0.0024172640412811,0.0015946796177181,0.466375,0.533625,False,False
arbequina,wd_state,60.0,8,no_year,0,numpyro_main_arbequina_wd_state_noyearre_sens_tau60p0d_k8_no_year,-0.0004407835815074,-0.0013520694570015,0.0005209269814421,0.19575,0.80425,-0.0011013361981901,-0.0027692421880997,9.854918127341e-05,0.063875,0.936125,-0.0031580518747759,-0.004887567034663,-0.0017436041434312,0.00025,0.99975,-0.0002569832616202,-0.0038575649173007,0.0021851165270108,0.4465,0.5535,False,False
arbequina,wd_state,60.0,8,no_year,10,numpyro_main_arbequina_wd_state_noyearre_sens_tau60p0d_k8_no_year,-0.0003674916468471,-0.0011992514187862,0.0006609341789088,0.25375,0.7462500000000001,-0.0009712836562294,-0.0023877876734242,0.0002627380686181,0.0925,0.9075,-0.0026868706852095,-0.0045349203005596,-0.0013918803653555,0.000625,0.999375,-0.0003221737997272,-0.0046214341781638,0.0024900898974729,0.443375,0.5566249999999999,False,False
arbequina,wd_state,60.0,8,with_year,-10,numpyro_main_arbequina_wd_state_sens_tau60p0d_k8_with_year,-0.0002814907837381,-0.0011426968490929,0.0009141463023662,0.28275,0.7172499999999999,-0.0006817623329587,-0.0020813229889134,0.000951976463416,0.184125,0.815875,-0.0017831313782034,-0.003861412695418,0.0002609373157981,0.072,0.928,0.0005401138783533,-0.0019687295999691,0.002801919520589,0.681375,0.681375,False,False
arbequina,wd_state,60.0,8,with_year,0,numpyro_main_arbequina_wd_state_sens_tau60p0d_k8_with_year,-0.0002673757005312,-0.0011324113079451,0.0009476023047816,0.299125,0.700875,-0.0006182580512523,-0.0019586453443251,0.0009897270921698,0.2065,0.7935,-0.0017139719323221,-0.0035878779749337,0.000145962808315,0.066375,0.933625,0.0007662282309322,-0.0028201741346872,0.0042831795553772,0.685125,0.685125,False,False
arbequina,wd_state,60.0,8,with_year,10,numpyro_main_arbequina_wd_state_sens_tau60p0d_k8_with_year,-0.0002727555020159,-0.0011962779797233,0.0009730654621904,0.3095,0.6905,-0.0005855764683624,-0.0018850772091294,0.0010252117034992,0.22575,0.77425,-0.0014890853079285,-0.0031523736073028,0.0002217263536169,0.07075,0.92925,0.0008541705475228,-0.0032351322308102,0.0049823211047124,0.68625,0.68625,False,True
arbequina,wd_state,120.0,4,no_year,-10,numpyro_main_arbequina_wd_state_noyearre_sens_tau120p0d_k4_no_year,-0.0011161150828317,-0.0016695167897462,-0.0005162465722155,0.00375,0.99625,-0.0018137460735467,-0.0025877898924828,-0.0010451769181273,0.0,1.0,-0.0026429856796514,-0.0038752664441286,-0.0014649948936474,0.0,1.0,0.0010308307302678,-0.0001243866630408,0.0018497342745804,0.936375,0.936375,False,False
arbequina,wd_state,120.0,4,no_year,0,numpyro_main_arbequina_wd_state_noyearre_sens_tau120p0d_k4_no_year,-0.0011099079982558,-0.0017003315937542,-0.0004428781844268,0.00725,0.99275,-0.001808634832406,-0.0026053496585059,-0.0009942575091426,0.000125,0.999875,-0.0027215150234619,-0.0039019647207581,-0.0015552561535436,0.0,1.0,0.0010235156461939,-0.0002549825124848,0.0019090833412026,0.92025,0.92025,False,False
arbequina,wd_state,120.0,4,no_year,10,numpyro_main_arbequina_wd_state_noyearre_sens_tau120p0d_k4_no_year,-0.001105477221425,-0.0017375477994144,-0.0003522634342615,0.01375,0.98625,-0.0018081533731909,-0.0026512033200354,-0.0009291391897682,0.001125,0.998875,-0.0027297465240131,-0.0038574709457787,-0.0016044755326938,0.0,1.0,0.0009534903342329,-0.0003315693905372,0.0018245743275634,0.908625,0.908625,False,False
arbequina,wd_state,120.0,4,with_year,-10,numpyro_main_arbequina_wd_state_sens_tau120p0d_k4_with_year,-0.0005746833221881,-0.0012502592370497,0.0001093703241793,0.082125,0.917875,-0.0009121207997,-0.0018818774211994,4.646207375299688e-05,0.058875,0.941125,-0.0012913117408148,-0.0027696076542348,0.0002011716969101,0.07775,0.92225,0.0005577577769819,-0.000528422535162,0.0015671577325912,0.832,0.832,False,False
arbequina,wd_state,120.0,4,with_year,0,numpyro_main_arbequina_wd_state_sens_tau120p0d_k4_with_year,-0.0005777491162487,-0.0012964107824861,0.0001584767169424,0.092375,0.907625,-0.0009233114705814,-0.0019186769346261,6.014538754985389e-05,0.061375,0.938625,-0.0013302644552395,-0.0027936502416295,0.0001473445060494,0.06875,0.93125,0.0005566050940429,-0.000637470184484,0.0016554442504475,0.822,0.822,False,False
arbequina,wd_state,120.0,4,with_year,10,numpyro_main_arbequina_wd_state_sens_tau120p0d_k4_with_year,-0.0005804598018074,-0.0013406978094475,0.0002036261884099,0.104875,0.895125,-0.0009239786286895,-0.0019656130811795,0.0001090890709587,0.070625,0.929375,-0.0013468625549119,-0.0027550528747768,7.251398844318786e-05,0.060875,0.939125,0.0005201338576674,-0.0006629397862673,0.0016056119420472,0.813625,0.813625,False,False
arbequina,wd_state,120.0,5,no_year,-10,numpyro_main_arbequina_wd_state_noyearre_sens_tau120p0d_k5_no_year,-0.000819674492621,-0.0014344108764183,-0.0001144042414674,0.031125,0.968875,-0.0014264040452266,-0.0022309138830433,-0.0006418612645687,0.003375,0.996625,-0.0026694995425055,-0.0042649121161655,-0.0013327390146139,0.001,0.999,0.0012112639371985,-0.0009145481185624,0.0025974155007409,0.848,0.848,False,False
arbequina,wd_state,120.0,5,no_year,0,numpyro_main_arbequina_wd_state_noyearre_sens_tau120p0d_k5_no_year,-0.0008495134418384,-0.0015184934265827,-3.147034395366099e-05,0.0455,0.9545,-0.0014123520295335,-0.0022528958078619,-0.0005506099648333,0.006125,0.993875,-0.002692201833658,-0.0041000560613469,-0.0014249143004023,0.000625,0.999375,0.0013324328618326,-0.0011995417710344,0.0029564973929111,0.83275,0.83275,False,False
arbequina,wd_state,120.0,5,no_year,10,numpyro_main_arbequina_wd_state_noyearre_sens_tau120p0d_k5_no_year,-0.0008984353241449,-0.001654850622828,9.386603628524523e-05,0.060875,0.939125,-0.0014163080359875,-0.0023273006372563,-0.0004170204340129,0.01425,0.98575,-0.0025848426816081,-0.0037498916996615,-0.0014405443998806,0.00025,0.99975,0.0013179339932538,-0.0013177154639784,0.0030091166049855,0.825375,0.825375,False,False
arbequina,wd_state,120.0,5,with_year,-10,numpyro_main_arbequina_wd_state_sens_tau120p0d_k5_with_year,-0.0004257910342198,-0.0011468040443904,0.0003333850363187,0.15475,0.8452500000000001,-0.0007286743776734,-0.0016396084167134,0.0002045737263667,0.094875,0.905125,-0.0013536469017169,-0.0032501837147844,0.0004482202258662,0.10225,0.89775,0.0006209480263657,-0.0015032397944338,0.0025221000311057,0.73525,0.73525,False,False
arbequina,wd_state,120.0,5,with_year,0,numpyro_main_arbequina_wd_state_sens_tau120p0d_k5_with_year,-0.0004459144552372,-0.0012696987202946,0.0004346771751444,0.175375,0.8246249999999999,-0.0007269799974602,-0.0016894635477421,0.0002667075042109,0.108,0.892,-0.0013628554351448,-0.003073169524347,0.0003118661829574,0.086,0.914,0.0006819001243327,-0.0018314273603186,0.0029217778961012,0.726625,0.726625,False,False
arbequina,wd_state,120.0,5,with_year,10,numpyro_main_arbequina_wd_state_sens_tau120p0d_k5_with_year,-0.000471692849942,-0.001434917062462,0.0005608862987866,0.19575,0.80425,-0.0007299971888355,-0.0017992843565029,0.0004064106007781,0.12725,0.87275,-0.0013080657467122,-0.0027768703203309,0.0001626830812811,0.069,0.931,0.0006786352318403,-0.0019294368399207,0.0029731580356269,0.72,0.72,False,False
arbequina,wd_state,120.0,6,no_year,-10,numpyro_main_arbequina_wd_state_noyearre_sens_tau120p0d_k6_no_year,-0.0007363181907976,-0.0015565133764693,3.923091789901715e-05,0.0585,0.9415,-0.0012921433971362,-0.0025355794275117,-0.0003955842759465,0.01625,0.98375,-0.0027133318040468,-0.0045674321813125,-0.0013108786723711,0.001875,0.998125,0.0011266700062559,-0.0017051335569615,0.0028453269271708,0.778,0.778,False,False
arbequina,wd_state,120.0,6,no_year,0,numpyro_main_arbequina_wd_state_noyearre_sens_tau120p0d_k6_no_year,-0.000765155606533,-0.0015719183122669,0.0001324292815311,0.071875,0.928125,-0.0012809484652567,-0.0024476167697614,-0.0002949015807758,0.023125,0.976875,-0.0027012532208535,-0.00434260584261,-0.0014116511793096,0.0005,0.9995,0.0013016855720638,-0.0024174486104015,0.0035064218791047,0.755125,0.755125,False,False
arbequina,wd_state,120.0,6,no_year,10,numpyro_main_arbequina_wd_state_noyearre_sens_tau120p0d_k6_no_year,-0.0008033436777102,-0.0016553897391172,0.0002482533293984,0.091,0.909,-0.0012855824993147,-0.0024100229775412,-0.0001717916865527,0.032625,0.967375,-0.0025259536914238,-0.0038707856861753,-0.0013820840891495,0.000125,0.999875,0.0013297631966575,-0.0027777729766311,0.0036927922957301,0.74325,0.74325,False,False
arbequina,wd_state,120.0,6,with_year,-10,numpyro_main_arbequina_wd_state_sens_tau120p0d_k6_with_year,-0.0003579325510151,-0.0012086304842913,0.0004674648498917,0.203875,0.796125,-0.0006317876122528,-0.0017151634180675,0.0004259601729321,0.145875,0.854125,-0.0013689925054317,-0.0034311638100306,0.000707192196782,0.12425,0.87575,0.0006517195634866,-0.0020989883245416,0.0032954976849075,0.693625,0.693625,False,False
arbequina,wd_state,120.0,6,with_year,0,numpyro_main_arbequina_wd_state_sens_tau120p0d_k6_with_year,-0.000373675958387,-0.0013210956379836,0.0005532974536302,0.220875,0.7791250000000001,-0.0006348406217686,-0.0017684336131008,0.0004755534231643,0.1545,0.8455,-0.0013596346267816,-0.0031856916204468,0.0004998877608252,0.104125,0.895875,0.0007628919275521,-0.0028133905681491,0.0042059146496734,0.681625,0.681625,False,False
arbequina,wd_state,120.0,6,with_year,10,numpyro_main_arbequina_wd_state_sens_tau120p0d_k6_with_year,-0.0004023771796491,-0.0014943997694718,0.0007033309148419,0.23475,0.76525,-0.0006391445887218,-0.0018702519532844,0.0005601841776918,0.170375,0.8296250000000001,-0.0012559194806925,-0.002744237352002,0.0002339833261039,0.080375,0.919625,0.0007887889457189,-0.0030936275736403,0.0045136633147589,0.67575,0.67575,False,False
arbequina,wd_state,120.0,8,no_year,-10,numpyro_main_arbequina_wd_state_noyearre_sens_tau120p0d_k8_no_year,-0.000730961351223,-0.0023361922441351,0.0002404289249142,0.083,0.917,-0.0013106449431344,-0.0037377977644785,-0.0001608785008656,0.0365,0.9635,-0.0027854741267664,-0.004753846726241,-0.0012599600400304,0.00175,0.99825,0.0008861156815851,-0.0023748208803333,0.0028728897051872,0.699,0.699,False,False
arbequina,wd_state,120.0,8,no_year,0,numpyro_main_arbequina_wd_state_noyearre_sens_tau120p0d_k8_no_year,-0.0007420978763344,-0.0021787979644595,0.000294412103005,0.096625,0.903375,-0.0012873005739731,-0.0035887476869538,-7.386484123045386e-05,0.043625,0.956375,-0.0027548015442874,-0.0046013193638959,-0.0013405171565565,0.0005,0.9995,0.0010735211756967,-0.0041067499395872,0.0040109645922536,0.66575,0.66575,False,False
arbequina,wd_state,120.0,8,no_year,10,numpyro_main_arbequina_wd_state_noyearre_sens_tau120p0d_k8_no_year,-0.0007675448777066,-0.001982746447233,0.0004153481432856,0.116375,0.883625,-0.0012925731823086,-0.0033709248111914,-1.3080186671819902e-05,0.049,0.951,-0.0025245843576117,-0.0043979548394358,-0.0012502725842791,0.000375,0.999625,0.0011495512686815,-0.0050413656193093,0.004521867750188,0.652375,0.652375,False,False
arbequina,wd_state,120.0,8,with_year,-10,numpyro_main_arbequina_wd_state_sens_tau120p0d_k8_with_year,-0.0003146733561614,-0.0015283445667229,0.0010855398122658,0.274875,0.725125,-0.0005869284337823,-0.0022959754401407,0.0010979105412189,0.21575,0.78425,-0.0013449977712302,-0.003870760040343,0.0011371007047595,0.16125,0.83875,0.0006831198723909,-0.0028228073642929,0.0040504033689887,0.668,0.668,False,False
arbequina,wd_state,120.0,8,with_year,0,numpyro_main_arbequina_wd_state_sens_tau120p0d_k8_with_year,-0.0003251418555252,-0.0015454748849185,0.001097820959921,0.283875,0.716125,-0.0005767599904635,-0.0022462097399108,0.0011862590980887,0.2255,0.7745,-0.0013191640688317,-0.003486753283199,0.0008964064605721,0.14175,0.85825,0.0009301379801017,-0.004149293636148,0.0060715387325707,0.664625,0.664625,False,False
arbequina,wd_state,120.0,8,with_year,10,numpyro_main_arbequina_wd_state_sens_tau120p0d_k8_with_year,-0.0003476498251319,-0.0016266551774127,0.0011255322145631,0.296,0.704,-0.0005931393987422,-0.0022506090932656,0.0011996143910013,0.2365,0.7635000000000001,-0.0011889665799773,-0.0028881389706012,0.0005582357635928,0.1165,0.8835,0.0010217757102404,-0.0048007645179665,0.0070701393657977,0.66425,0.66425,False,False
arbequina_irrigated,wd_state,45.0,5,with_year,-10,numpyro_main_arbequina_wd_state_sens_irrigated_tau45d_k5_with_year,-0.0003487357592324,-0.0014994744336004,0.0010637173169053,0.329375,0.670625,-0.0008811289419209,-0.0027371768467781,0.0010595024483574,0.2145,0.7855,-0.0025279874849778,-0.0064915894063589,0.0013727398436277,0.13775,0.86225,0.0002832943804076,-0.0029250339585252,0.0023716235821244,0.582875,0.582875,False,True
arbequina_irrigated,wd_state,45.0,5,with_year,0,numpyro_main_arbequina_wd_state_sens_irrigated_tau45d_k5_with_year,-0.0003278147142273,-0.0015419404755685,0.0012654056957604,0.350875,0.649125,-0.0007694833440386,-0.002627843979083,0.0012570384654467,0.2545,0.7455,-0.0024067660814243,-0.0061415161738417,0.0013697965891188,0.14075,0.8592500000000001,0.0003001959261422,-0.003416565695302,0.002653600061591,0.57575,0.57575,False,True
arbequina_irrigated,wd_state,45.0,5,with_year,10,numpyro_main_arbequina_wd_state_sens_irrigated_tau45d_k5_with_year,-0.00030449070336,-0.0016280981582946,0.0014789099487904,0.36775,0.63225,-0.0006854220196607,-0.0025908720685825,0.0014792281858386,0.291375,0.7086250000000001,-0.002076758294375,-0.0054750350719295,0.0014096521811734,0.151375,0.848625,0.0002875056122249,-0.0034870813201666,0.0026711259232297,0.572125,0.572125,False,True
