comarca,year,pheno_key,flower_cum_et0,flower_cum_precip,flower_max_vpd,flower_mean_tmax,flower_mean_tmin,flower_mean_vpd,flower_n_days_vpd_gt2,fruit_set_cum_et0,fruit_set_cum_precip,fruit_set_max_vpd,fruit_set_mean_tmax,fruit_set_mean_tmin,fruit_set_mean_vpd,fruit_set_n_days_vpd_gt2,maturation_cum_et0,maturation_cum_precip,maturation_max_vpd,maturation_mean_tmax,maturation_mean_tmin,maturation_mean_vpd,maturation_n_days_vpd_gt2
Alt Camp,2016,olive,293.24812705852617,54.03116109328848,2.5076417172870156,23.766122441885592,13.452655503451098,1.6933698601347453,15,317.670932496999,49.49600603698376,2.796604443807024,28.98577694640461,18.542811231569143,2.1768131694594883,44,197.6645609022206,241.58441264377052,2.307052969189443,20.879357039427866,12.777283797952288,1.1284126772006764,7
Alt Camp,2017,olive,311.3019632020091,53.382970832525096,3.0466617874011157,25.52261605033006,14.847476554812676,1.929780447354841,25,319.59604167105334,62.7764065077253,2.9478946198421108,29.235064290323013,19.250644810168343,2.181227381023608,41,217.18833254339586,118.65803759686364,2.0203614964565015,20.909581165537773,11.698531625649103,1.2471251350688497,5
Alt Camp,2018,olive,267.66800976756514,181.6673554099743,2.322605647060648,23.414455523249824,13.995738998393197,1.471384895418107,10,299.3908681489747,164.27654077555977,3.120952392697519,29.083813851878432,19.22465128898072,2.051734436552037,33,195.62527329153593,338.29873334942477,2.020283761527897,20.529401728034394,12.716248702166418,1.046152974514311,5
Alt Camp,2019,olive,299.8123921999703,78.6443725981886,3.403325840063966,23.72805000865493,13.130651721750382,1.8126376984468746,17,312.50987442377294,97.16935123825706,3.0069559604110903,29.424636133935767,19.181976535376478,2.217154036918756,44,228.57733066091953,226.64671932919663,2.0738776474514067,20.73541335515297,12.57522730077226,1.2137216863417466,5
Alt Camp,2020,olive,266.74321775239594,147.65237092395623,2.0866838398017302,23.519656057823283,14.10303157276624,1.4433618944895965,6,317.30847875143445,96.60904931571325,3.13742642062117,29.179607353757504,18.99761922700941,2.247650821025801,43,225.71386205132282,141.55425495794827,2.0438471412098993,20.55946426127183,12.008569305046231,1.2484132264487173,4
Alt Camp,2021,olive,282.64783581456925,82.65016281457835,2.8551644489219283,23.588971113659074,14.048566559860449,1.6343841932695853,11,304.69783809643747,76.41887191232279,3.148859633871075,28.394699311505114,18.62770398749695,2.1171622272902533,36,201.95718277212595,251.94923557000524,1.726311452192861,20.05563292672616,12.368659951556321,1.0790016744361266,0
Alt Camp,2022,olive,312.2318009061444,89.87294610143978,3.265353802200817,25.76805032954457,15.209335718405285,1.9688024200561423,22,328.1736837263192,145.63299948253828,3.4082429975995745,30.141877047100532,19.61322266238857,2.4415337430618873,47,215.95577996817434,170.65055414578597,1.8044862860870876,21.708541296760078,13.86504711118986,1.1803969586058696,1
Alt Camp,2023,olive,267.27927521956,171.52805232852762,2.184741717473942,23.586721101363707,14.246765335947403,1.4872735859928599,9,317.2963009003658,81.14972872968364,3.427178081021365,29.43357609482745,19.854634754517626,2.192016174951975,35,255.2355849624441,96.41074422188709,2.2302712831910343,22.307210682217384,13.978938997374883,1.4047833162761576,9
Alt Camp,2024,olive,275.4245038344688,116.99826083212805,2.267300636099186,22.722094053912834,13.95502760733099,1.4412486138574732,8,313.44614214817324,78.98984109440319,3.4315982225493444,29.147907117483154,19.499498530777036,2.1799687037110194,32,204.69342460500084,344.719915440063,2.0785469954432227,20.171976021088764,13.09023203616796,1.046749376492539,4
Alt Empordà,2016,olive,292.95779674317805,97.98544750066073,2.595284975584857,23.314395193166575,14.993039874774201,1.5810028563360226,13,398.4888745020047,14.231122814299397,3.4451318104649014,29.978479789841447,20.420127064999015,2.632218674349818,56,253.0216089497166,219.51438512655704,2.882590137480933,21.55282373026591,13.69853163169538,1.3886641875636587,18
Alt Empordà,2017,olive,314.02843727087105,60.68732596929154,2.9145620482046364,25.505393460845603,16.67777984084634,1.8147758515111356,24,354.7654869123634,30.659203926704528,3.282602183083882,29.116942257264522,20.61480103316712,2.209940880105986,38,247.8292755216615,104.73677984059937,1.9784401218690841,20.578659055074446,12.253966059733175,1.2655754974273268,4
Alt Empordà,2018,olive,310.20516298370046,93.51293997119028,2.769236620411463,24.718436967614906,16.172085949369404,1.770701001244196,20,370.36556908879726,57.190509380835415,3.8117748154038105,31.245329650487125,21.842509672201967,2.770004140894289,61,240.58445601250722,343.66169153423715,2.3223279074209464,21.359833253161494,13.951738212461066,1.2320597347315358,12
Alt Empordà,2019,olive,328.27246481766923,61.34968425764051,3.1828046604990274,23.78850999329026,14.5664257813013,1.8086868645634304,21,368.27303948042095,32.531185738902664,3.3333148181972887,30.655003541568323,21.669128329148496,2.5590806223729774,56,242.0582046942348,347.37763753841307,2.577159479204269,21.07487481672189,13.301523654698597,1.2703383554040413,9
Alt Empordà,2020,olive,286.61430596759584,111.46322000479914,2.3663781512436373,24.15036812757098,16.184446592886157,1.544314887075043,10,352.9346066941889,47.95062100079153,2.870699312164034,29.603571184518632,20.749533246497126,2.2919996010709447,48,225.40351795120122,231.5788501304564,2.0315168401297057,20.279402460765706,12.566836154189275,1.1429148688045305,5
Alt Empordà,2021,olive,299.72320027116393,72.17421095647212,2.891706895177504,24.174413622828887,15.925684157076256,1.7140284599587037,19,345.38551538528213,37.23460009946263,3.237907289021259,28.864471321835907,20.288422888372498,2.2795352284916865,44,260.85299174900035,230.96857502507913,2.135705332003141,20.89436265037426,13.383719877595137,1.2841317283033487,9
Alt Empordà,2022,olive,351.0869468274761,43.89472532756705,3.073095472415313,26.756108066949594,17.440100500813845,2.0488001238068008,32,379.60001287711674,37.88541939784871,3.756804696267755,31.781746570421095,22.245664712841254,2.7996440537542653,60,258.62409744193286,114.20068162483834,2.5582041158795854,23.066359300644127,14.979616840247685,1.4619689886611449,18
Alt Empordà,2023,olive,337.95500637328155,62.64851505779137,3.189127321653732,25.895996709026306,16.771579711949215,2.0158913597429358,25,380.26891477276644,77.65956736054929,3.7769605713280114,30.853006108236084,21.782550206926523,2.61728366444152,56,258.42410800350956,111.62430916903708,2.199422671936466,22.96918696281206,14.750057019693307,1.4340475936375745,10
Alt Empordà,2024,olive,287.60010435631597,122.76395372485005,2.368741867378597,23.404245371928464,15.371936211936044,1.539390498587367,11,394.47936816210756,23.50302622515191,3.7707063062227237,31.369681727023387,21.729002966454566,2.806995075567139,60,242.51357180037488,229.21118986394453,2.5132216196583075,21.270310541436274,14.201853976798272,1.204018428384168,9
Alt Penedès,2016,olive,293.3183597749311,73.33734675263503,2.277019914194377,23.153250529410393,13.198979982514526,1.5898495077979036,12,321.1344919083204,52.38264174022134,2.7870552649496787,28.452250758451548,18.147235774761967,2.07663566977445,35,199.43860917828508,265.4281601851085,2.2544458118526234,20.376513263578243,12.1115972180029,1.089153391529309,8
Alt Penedès,2017,olive,323.0236128394533,41.292286399842645,3.199849377889715,25.618511426378074,14.672991579399158,1.9896626845787972,29,325.4780120260265,90.15256624984964,2.9503676823206733,28.912718956828805,19.021452737299033,2.1113734524762076,33,205.5972083053209,180.00664228789898,1.8141987808090552,20.159472043712913,11.057134821067336,1.1180106962475864,2
Alt Penedès,2018,olive,279.4657440942811,142.868963421988,2.467468222207701,23.469891567817015,14.058431510914,1.5496641708940029,11,311.33511585788193,171.48245749067,3.3947901295811813,29.37809713763493,19.107809028413406,2.194348981079782,38,197.29482189067517,384.78725199977424,1.8719805255419737,20.139944115644063,12.142988701342317,1.0188232185882433,2
Alt Penedès,2019,olive,305.7350453725466,82.81337051832442,3.3616007471065488,23.34353524783758,12.879595015945151,1.7740574421190343,16,319.43128887160117,91.94451507077996,2.9339283196229755,29.265699385398282,18.91125694786281,2.1872032369077177,42,228.24614612769102,269.070294864466,2.0481012666977043,20.312174741710752,11.897930532000538,1.1649206384759299,5
Alt Penedès,2020,olive,275.23662770779686,133.96568882254175,2.087615238207325,23.363690444756514,13.935588268513909,1.4597950342509365,4,313.65757934161695,84.9731998914078,2.86478537795265,28.4956789204608,18.619920388183672,2.0391374340088455,27,219.44656512305508,212.67383593677243,1.9642037493938402,19.938091448106462,11.138006468964608,1.1582721286050226,3
Alt Penedès,2021,olive,295.0631975101286,89.89847701821273,2.9489634235634985,23.526337618621245,13.862079573184712,1.670429799372187,11,315.72704255979073,81.37470659824706,3.145359516662139,28.380451308511052,18.36129480243808,2.1380389455653166,35,204.0517998178922,306.40084939203683,1.7923096161513308,19.689905462552566,11.833398206088985,1.0527737254547465,0
Alt Penedès,2022,olive,334.308304686993,81.63236525509302,3.495377620375135,26.238293039215918,15.06825458205536,2.1303683242989147,32,352.8534125421932,175.10638623726126,3.7527676678132984,30.69414071585386,19.500120610116557,2.6538522900197985,46,215.9658007542948,201.14971037938378,1.820731366085721,21.362154564652506,13.066766020818827,1.1602223620452454,0
Alt Penedès,2023,olive,279.82519965250333,151.7074898790055,2.331274198364267,23.7125462552582,14.144151032874147,1.5774623418602063,10,331.21349436415505,102.73401704714875,3.573281550215904,29.618306402970475,19.625717036513723,2.283497596300154,39,263.907950864518,113.07112878989601,2.2626057395941284,22.222879684668897,13.253183814433632,1.4278522855665134,13
Alt Penedès,2024,olive,280.0135363136362,145.7708038453129,2.214892459826354,22.49072468041937,13.83961901388099,1.4271115365774472,5,319.92545737712146,91.13122101833055,3.40314558946359,29.020083099616222,19.203495289328906,2.1392147557522874,30,206.670546093043,331.7896653925917,1.9886625869120784,20.05760481484703,12.597033755172967,1.041932775178739,3
Alt Urgell,2016,olive,242.71942114830017,155.86000260524452,2.4076367170687334,20.018647705409144,9.346738685813861,1.4027953926571677,8,273.5091972351074,120.26999958790839,2.7603426208943147,26.01682676945326,14.322115761073729,1.9971823399498898,33,162.11048969626427,271.5699998382479,2.2667105855395717,17.330798168911294,7.406453592589177,1.1172527603400102,5
Alt Urgell,2017,olive,254.63119792938232,119.8400017824024,2.8530100645866576,22.059845935589728,10.861294570003155,1.6150678069836133,16,290.9787058830261,90.81000058725476,3.203274197431724,27.049661222420756,15.22126894750266,2.2837460977117323,44,176.89531874656677,115.29999895393848,1.90018004882393,17.58122742715305,6.43190357595542,1.2360092307478836,1
Alt Urgell,2018,olive,217.9390308856964,296.46999929100275,1.8697337428416831,19.429367279884044,9.862873479454999,1.1806610505730197,1,258.54522013664246,164.76000102236867,2.6185221057028136,25.579254905478965,14.44163539470528,1.8442340474563343,20,162.999368339777,365.310001546517,1.9549517058439618,17.00857077472345,7.508389010686704,1.0460647968324575,4
Alt Urgell,2019,olive,254.70461285114288,130.04000044241548,3.31081087187368,20.291590420412987,9.094296278987528,1.575170430927018,13,278.82237815856934,151.6799996085465,3.067811187147405,26.381219942178824,14.862807998189403,2.0824150267642647,33,174.8240007162094,227.45000039227307,2.1211520580125205,16.97532740676328,6.708002477054321,1.1521008837444984,8
Alt Urgell,2020,olive,222.51490938663483,335.66000376082957,1.9462017727167862,19.829378186166064,10.130622703007766,1.2149687161454366,3,270.2464864253998,183.8200023304671,2.6853403546752213,25.40791199422015,14.319154079338597,1.8789732919731021,24,157.18900734186172,207.7999977618456,1.6288199780001391,15.962097533609095,6.1825400854420245,0.9837675862054807,0
Alt Urgell,2021,olive,229.48886394500732,164.5999993532896,1.9724598656729546,19.26505463580105,9.272703541570776,1.2390138642895858,4,276.861204624176,121.65999853052199,3.107452363512059,25.471427442021305,14.428675760601198,1.9923020169856318,25,160.54427194595337,244.50000035203993,1.667021260350705,16.344720220980314,6.955426592245769,1.0164708488517842,0
Alt Urgell,2022,olive,278.65172934532166,122.59999933093786,3.350775992504637,23.39913686716632,11.349465256318473,1.926119961236458,23,295.48139572143555,155.58000007271767,3.566097491155964,27.932457479193683,15.46987252219394,2.434597152391947,48,172.75126945972443,199.48000191152096,1.81731293372847,18.067561923955076,8.400778329131931,1.155592050781823,1
Alt Urgell,2023,olive,229.71545600891113,236.32999893464148,2.2238009318163985,20.270101542819493,10.088703557579999,1.4037260396812952,8,290.1098518371582,156.43999957479537,3.4687448235503666,27.022663010160166,15.666754216372366,2.22079812416439,36,182.6653509736061,153.93999911099672,2.2229984889320358,18.537608753346387,8.58882731018018,1.2489625542327818,13
Alt Urgell,2024,olive,229.23773050308228,251.00000022538006,1.9568229721357444,19.000379683028253,9.612719890988043,1.2173388235711793,3,286.64058470726013,120.7999980635941,3.3432007021702836,26.982733220278618,15.444903728878668,2.1955637237550016,38,155.20179951190948,351.12000040896237,1.785726577194151,16.435472455806035,7.722421529681382,0.9552666485239241,2
Anoia,2016,olive,293.97618614464636,83.12999896332622,2.6900983401298495,24.34340585589687,13.289481556338265,1.8254068905707062,22,324.2758095368896,78.33000102825463,3.2370307467227346,29.910857503683918,18.43229374305822,2.4368381412923985,48,194.69017908002866,265.6499967034906,2.625051259306061,21.03431095835796,11.380471266013151,1.2491532527022067,10
Anoia,2017,olive,323.93248388376793,65.55999877862632,3.8256357106017407,26.980149561467204,14.962223604291559,2.2924055095115836,37,335.81645418314946,104.99999973364174,3.621466640480977,30.64093411162625,19.44885468990022,2.581964014192606,54,197.32652912500495,158.70999991707504,1.9620413451366268,20.683003799983187,10.345667761764277,1.2389961360776631,4
Anoia,2018,olive,266.10170737923454,219.3800003863871,2.6275949614090033,23.92337761976129,13.967662833362223,1.5875422649454802,12,308.4792644852701,201.9299983344972,3.718238687967088,30.30739706469373,19.276652375559472,2.4435376986004287,41,188.93292257467903,402.1699977386743,2.0736512075494704,20.547364541048598,11.483194382357501,1.1253158711773923,7
Anoia,2019,olive,305.44919201511175,93.43000051006675,4.092950927882629,24.60027106533919,12.913186886082952,2.03930852632353,24,318.35694155994867,141.09000052325428,3.5333740088877748,30.393995027289343,19.112260026355887,2.477172001972314,49,214.6353152629061,271.3600043915212,2.314186563165622,20.7556885180305,11.042950253624346,1.2847444624224584,12
Anoia,2020,olive,269.0353240441646,167.21000059135258,2.236979342826957,24.080146090185107,14.001709973817787,1.5697405213333149,8,311.90676557072163,114.46999922581017,3.430414344730601,29.640548330255353,18.787432036992264,2.320198848144937,40,201.76033239293082,231.75999710708857,2.008179387133639,19.991725395475832,10.187713102547876,1.188073120023526,5
Anoia,2021,olive,292.1433698495477,98.78000042028725,3.2831061578995735,24.543181705148797,13.910711647531246,1.8584416590084043,20,319.6542401503328,90.27999980933964,3.8626071742725516,29.78528839497977,18.761627174259555,2.5146028419882205,48,193.3276144017648,289.85000120289624,1.9387757759358248,20.114896483342722,11.080763699650891,1.1592168187934646,2
Anoia,2022,olive,335.62337908616985,89.26999759115279,4.233239527514841,27.748088626655957,15.429146075843164,2.4846259490744798,45,346.40817813505066,197.32999743521214,4.244063563140578,31.889727308172503,19.771409063406463,2.983543482222226,54,204.72096775419558,221.24999910779297,1.970769888306807,21.76097316938724,12.412508042126362,1.2656240428423575,4
Anoia,2023,olive,274.2346952260706,194.3800005801022,2.457045902926159,24.495029732391504,14.11939768037608,1.7171581322150338,18,333.3336753638254,119.98999932035804,4.343267627924999,30.977290893335567,19.94189172928857,2.6672212850191763,51,247.78852783560876,112.15999999456108,2.692546723516353,22.79019555990322,12.740931781986296,1.5767561447786889,26
Anoia,2024,olive,278.609278442752,169.27000003308058,2.5802048115123704,23.568133137630834,13.866400602427197,1.6214601048330237,11,323.13011681129706,113.0300007853657,4.193684806448387,30.582165359978497,19.53360687851377,2.5479186266996483,43,198.40748228276271,311.41999822854996,2.145436829657254,20.571593846547987,11.905373822285341,1.1619085767306596,6
Baix Camp,2016,olive,309.71002546087334,29.566337594833776,2.448831399277362,23.49177411043822,14.87470226153742,1.5784494729015845,13,331.4346035336175,23.879747955516848,2.7543870885611064,28.631295490636074,20.161896906091865,1.998248605049089,28,224.23725629412755,227.34141939713146,2.201942688302059,21.352711918711687,14.315143522855246,1.1407074163093331,7
Baix Camp,2017,olive,318.61596023297193,33.348612916381654,2.5980924449777123,25.112767028099487,16.481372684442395,1.7210402916329324,17,332.6706320611508,39.21106324736562,2.903668111230618,28.86071968984788,20.687056522269117,1.9691625350381587,22,257.8742831589835,92.71989697202326,2.337524849721007,21.555887381905293,13.043409927812675,1.333258399861898,10
Baix Camp,2018,olive,291.4362180082493,86.21722072683914,2.4268415709768516,23.654496023466926,15.504751007160486,1.487597776242846,11,321.8768932051524,109.14683873740174,3.0961274978850364,29.321252126584664,21.01235786378819,2.016743592824118,30,226.29457228614905,307.0583216748208,2.088065590463885,21.073674404181688,14.113074660261939,1.0985956125262049,5
Baix Camp,2019,olive,305.5869453809838,64.63229370314258,2.7345250088789785,23.10112162651165,14.27318491316631,1.5943369948753423,10,329.70367168091195,51.37264245230072,2.780348057671805,29.374743946179407,20.87425951278351,2.0729813323472794,32,264.398300321702,225.19848016077495,2.2672046208005687,21.437920181696207,14.073693162852129,1.275177731925299,12
Baix Camp,2020,olive,279.48741476667976,120.30274297033212,1.9449585240994074,23.508683577043268,15.78240225802453,1.3515997276186678,2,338.64156435136164,56.411864665554454,2.8787947416805926,29.18564854367909,20.70162460121705,2.121810654926611,37,256.57183920608287,107.8480079778665,2.0899543335010673,21.294933975975272,13.557151590467848,1.2838265965757887,6
Baix Camp,2021,olive,290.44835538468965,57.35385157511118,2.447117383401834,23.355424346012416,15.534788386894256,1.4989003705030233,12,316.2180166989831,67.33235017843859,2.8410422751279705,28.00315224556144,20.07871068792706,1.8894251745480728,24,231.51924519737008,266.6735489761831,1.8501585447249518,20.545885569704673,13.66246890669378,1.1064962732101082,2
Baix Camp,2022,olive,318.7721419145683,68.67241815079049,2.6245539459309666,25.525359076591077,16.821143860416964,1.7643938948846913,19,347.47718241385553,98.1792578478697,3.0399780683872004,30.177951673760806,21.571645550821355,2.256876176297674,46,246.7975960749752,133.04684618542032,1.9904076450884904,22.515176720393274,15.651618730748027,1.2322651612228284,4
Baix Camp,2023,olive,286.6615374659985,101.67306177768133,2.309036788366393,23.84717623737045,15.943090372016975,1.4575118612162081,7,337.58395872276844,50.8223588920602,3.2224158987007407,29.43538857908775,21.536855218677562,2.055654899410621,27,273.20467864951684,90.26662141130919,2.0545496129630973,22.735608905852597,15.517888734293606,1.3554433641403087,5
Baix Camp,2024,olive,294.57944301662695,57.88695295101018,2.248118827280158,23.11127988641441,15.516355982528422,1.4341012484800846,6,328.68755154882336,78.54247443132893,2.9165788171194413,29.04894920733638,21.142894019513314,1.998404563783016,28,235.95435535029316,427.8716093422461,2.1833178443465986,20.98793412731056,14.59328563652205,1.0892223116466628,9
Baix Ebre,2016,olive,324.96070059642994,41.21057400497343,2.807847079550965,24.84294422671145,15.134406897104022,1.8369495086902514,27,353.4598889616201,19.409114986163438,3.202077927273161,30.289402537376727,20.458390273562507,2.423901818503121,47,243.3810875795559,241.12867728674877,2.6372115530388056,22.316453845169384,14.441740925973884,1.3407409880159844,12
Baix Ebre,2017,olive,326.22976758204067,57.375001351906306,2.8223662122606723,26.34222800381523,16.485942592666483,1.891517418393115,23,347.163657012852,43.75790767697645,3.240565445528766,30.168494929666796,20.648831727938656,2.256108321230543,35,288.0689910279689,66.41912732030173,2.6890443424367403,22.64996368315523,13.349021655203732,1.5771924413385787,18
Baix Ebre,2018,olive,306.7953262282911,97.73489524507978,2.7620342154250523,25.06379138327581,15.618318590837035,1.7705472763714685,19,349.6182055375256,70.12420415538804,3.63460522798125,31.39354425637645,21.20012387226191,2.574665176526798,56,245.36522638272515,336.25405522693563,2.5421224876699196,22.09230891482969,14.265338927859087,1.328789977907134,15
Baix Ebre,2019,olive,324.61042022959475,52.43369845226463,3.038003387537269,24.502336279562293,14.526335542425574,1.8585945610743624,19,346.4891906707407,76.68678190604051,3.2440843511928663,30.777581331887312,20.904651637557503,2.4100318063644615,51,279.42142583836835,182.65284126001325,2.4626887108955997,22.396029969806165,14.139466730644584,1.4739748058391835,20
Baix Ebre,2020,olive,289.0791448089921,123.34246742171003,2.1482697824226915,24.789781783851645,15.978924189338336,1.5634909876992922,10,353.6831946366439,35.5228794094388,3.166635709262773,30.35115995570997,20.726179671190856,2.38181045925967,51,265.1791129709281,133.60668241958575,2.362292426819735,22.07622803353679,13.572077689132183,1.4281108630069417,16
Baix Ebre,2021,olive,304.33153161410024,49.72152042138725,2.893530148112476,24.91234420732672,15.721474894161572,1.7989805661810636,17,334.90142239395215,78.4243873303964,3.078311582596997,29.409963156947704,20.266054592720007,2.222852185756666,37,247.81232818737007,284.8599595750963,2.025904680759953,21.174770908504875,13.76599474364871,1.2490303198496042,6
Baix Ebre,2022,olive,333.72925686718935,80.97194375699571,3.122749879448422,26.973339140809898,16.969674756364427,2.0363381944937893,24,370.4098517210102,86.50713720669688,3.7108317308885956,31.987796279352654,21.84010891242087,2.706815152508047,58,260.75047367520324,161.316961830238,2.4214733682067453,23.569615927325025,15.761678748491512,1.4367438590934147,15
Baix Ebre,2023,olive,314.4925796863032,85.77133457827787,2.786895498569003,25.747625581799483,16.216435471457054,1.8782375491256158,24,367.1885707701509,33.70883358332608,3.762774043386352,31.23723481755819,21.704932688523613,2.531752936560808,47,269.87872142365217,118.24885904977403,2.063471168393783,23.58735325020868,15.473615764355934,1.4672571105043515,6
Baix Ebre,2024,olive,314.2238809271451,58.149894299720515,2.455695689215714,24.719700625148455,15.742495813670013,1.7453095681934871,12,354.2475001809666,66.87408285265316,3.4094069450624542,30.681480092029794,21.339600492360564,2.3873360532174774,46,246.3207865945725,539.6495387193934,2.438920391978699,21.96980960439542,14.68422102109924,1.2578430495694872,11
Baix Empordà,2016,olive,277.0853143294542,60.22615460844536,2.2877392660202216,22.799645120985925,14.706495367941713,1.407579649146048,11,363.9488236616648,13.247715203140944,2.934265518530602,29.305148552473295,20.297269926592573,2.304178742628256,46,230.06416327481074,207.3066553571891,2.408235915853239,21.2526652160108,13.60116646968698,1.2256238724941442,11
Baix Empordà,2017,olive,311.03026524523926,39.450583642945816,2.8333834601069396,25.36118736041384,16.530782073814496,1.731636667304057,17,336.37634298713004,31.143768823393568,2.954492994298907,28.865772032617073,20.58444591744718,2.030581298369291,27,223.9308208471198,109.08851319407387,1.8168496454845404,20.396576212942346,12.218829007791907,1.1535022819836667,2
Baix Empordà,2018,olive,289.133619948589,92.83053064054342,2.426344394691561,24.084031529486147,15.794889262261071,1.5494541516442002,15,344.9310411050816,60.89097309936162,3.4330442629017055,30.649121442196225,21.596988029469685,2.413168208104383,50,223.2213704916649,334.6190709154695,2.00574477958694,21.24149101347828,13.861193935512361,1.1151104677484083,5
Baix Empordà,2019,olive,306.31414983060296,51.78104487056038,2.813945128036459,22.993793803734054,14.108926488120348,1.577348935685938,10,346.8735856912923,49.73670996825015,2.832128094509039,30.105847130006953,21.5204765557974,2.2425881147497555,47,222.7875252402621,355.1444544502297,2.168510446680952,20.876302139275307,13.046362789394687,1.1504107644301838,7
Baix Empordà,2020,olive,281.9782397027195,76.12799383137764,2.1165696173641075,24.096437257510868,16.032537998527317,1.46677840286324,4,331.5308966711208,39.97306113802819,2.5619218460181075,29.314408783212155,20.756802723851,2.0849503625918886,35,214.12157896298189,200.0890592537247,1.9702929710554624,20.41353181199257,12.438816713765076,1.0985206259261884,4
Baix Empordà,2021,olive,284.52179490307566,63.95629973524834,2.5530589960691095,23.549623537052327,15.46330339010629,1.5073672566346168,13,331.0027426689312,34.33450194587101,2.7883866590352198,28.557811365035054,20.243572763726068,2.0887061305303654,37,235.6452561605029,275.18535365274084,1.723777610161769,20.56925391635005,13.235178306417396,1.1261203942645859,1
Baix Empordà,2022,olive,335.56046517359556,45.15966575547422,2.7130776857553656,26.29847875354822,17.087401621067425,1.8650817010645004,24,361.9372715938284,30.328803334552028,3.3074335104658426,31.438139834402108,22.247145891878166,2.5435568821317633,54,243.43279379939077,124.26582773787145,2.207709579215316,22.96824811627584,14.974156047712743,1.3435501822877385,11
Baix Empordà,2023,olive,306.4078037626968,73.4265577842882,2.6403957809202785,24.965319200836262,16.2788417480387,1.6898230085622234,14,356.6634643133908,65.01304255417968,3.182350641140285,30.3949453438968,21.74524035360851,2.329609324575443,48,251.6788140022992,112.67008677275794,2.0006111214929994,23.03266104912143,14.678909337996252,1.3691590734991272,3
Baix Empordà,2024,olive,277.44008015390847,94.85754944412116,2.041473618767821,23.04832303505701,15.201857909288226,1.3773901071155696,4,366.8759978819954,29.480773619695565,3.436031657013437,30.676373071942844,21.879757469335527,2.432422645061456,49,226.63900233617846,237.34549565593804,2.2055180949763145,21.3877558421454,14.181598234767376,1.1226204272351437,7
Baix Llobregat,2016,olive,284.0299784334353,89.0557397225184,2.58525990285355,24.437818239571875,13.606957705446106,1.801190964781549,22,319.85850290658584,67.14433195343528,3.2955854810181147,30.22291185226872,18.776535858991235,2.514706341658691,54,192.76100870879387,269.6032669932577,2.6544400220580777,21.39914347191523,12.031429347358698,1.2906597109792775,12
Baix Llobregat,2017,olive,323.3260002242934,50.29622343965478,3.9588227931891344,27.497150414175923,15.383125615679257,2.396700027345114,40,329.782970486494,99.58194097233738,3.7060485772445455,30.869574509196806,19.8920974109398,2.618107217612616,56,190.22610804954866,172.50898473047044,1.943710211016209,20.935652960198375,10.996894208400441,1.2409436773190667,4
Baix Llobregat,2018,olive,266.11622216796667,225.31406328643214,2.716563986789187,24.500001161865715,14.473159255150946,1.6863454101351456,15,304.61277056040154,212.33333391130353,3.8098424912158833,30.618410387983193,19.68992527994093,2.495284205651742,42,186.4969095942388,415.3697531184044,2.0447236351135984,20.977601991462446,12.154914304844127,1.1629593994922187,7
Baix Llobregat,2019,olive,300.488692257391,99.55548571186326,4.159959270818097,24.888336096331336,13.284050802141937,2.066611809322045,26,316.194805888348,131.3691215089457,3.5650300118954346,30.80018798896725,19.592854877834636,2.5607417314815484,52,208.89434927114667,316.01112367312356,2.3412787708062424,21.08580570046808,11.64256283804487,1.3016434548293994,13
Baix Llobregat,2020,olive,268.55151672384756,167.75097445771644,2.3551778457431367,24.593345560377706,14.453998597206404,1.6637610991962568,12,304.32698650934316,110.16717914022945,3.334433931345861,29.790002514007295,19.2065637566436,2.308535587132876,47,198.61079934086945,239.51672654179887,2.1314866384663818,20.467364769573653,10.802145706986087,1.2415865851492591,6
Baix Llobregat,2021,olive,289.7501695918118,97.50663163063301,3.3471465288547955,24.9868614528,14.330918463672429,1.9317469580087774,27,315.3140388970272,83.08921311599653,4.015959680531689,30.2393227844724,19.179607582707874,2.6049757121010106,51,192.9254523413435,299.3378452904692,2.015462389516629,20.581263509725012,11.811677708296164,1.2068268951893082,4
Baix Llobregat,2022,olive,333.8921708394496,96.04465355917503,4.317676393327697,28.133136118070524,15.746449336860207,2.5488397763924184,48,346.63542883687194,181.7333172301237,4.434928673787554,32.38501816452953,20.16149973631915,3.12036261524448,55,202.87161177481735,202.93180294214943,2.0637825374708503,22.238105612921913,12.969267469835163,1.3310139153171558,6
Baix Llobregat,2023,olive,274.641784421648,211.1834712962104,2.6346519983803134,25.0163388877743,14.47504737274043,1.8188449268349234,21,330.7037938400718,107.18973200887162,4.51378653759009,31.534253502724656,20.377554854775592,2.8005815359959105,54,244.69757786333798,122.18049343271109,2.7328381901672363,23.23717728211748,13.24780202311147,1.6348381989939347,30
Baix Llobregat,2024,olive,276.41319886277563,168.66244607587743,2.6597297999779097,24.02496162836078,14.348508269850006,1.6970582381125676,16,319.6636537833207,117.25791564113266,4.134230413200588,30.87001391500986,19.94687894425604,2.594914739706841,48,194.10550736797572,301.69079836316996,2.200938868875795,21.03777339838392,12.734617807541246,1.1947032092015992,9
Baix Penedès,2016,olive,292.46860164848476,50.852897723472765,2.4112778029730397,23.848177560088136,15.159965417289678,1.6291167063376655,14,316.50096314750476,48.02081119335789,2.688284868765071,28.873375274563635,20.351115889177805,2.0496271188482784,36,196.76396532155243,253.56228802481058,2.187290217967871,21.395398243568174,14.338104200880677,1.1206260763073037,8
Baix Penedès,2017,olive,311.16904812212266,48.53376357950111,2.853043766110671,25.564509461411088,16.638486902786532,1.8462207373328285,22,319.3610258967302,53.384749355897064,2.826554887136674,29.218006929370652,21.08784120575676,2.072802335767551,33,213.31503867795755,133.80352118522637,1.945368238043104,21.393352117617138,13.202975253388443,1.2254520852344057,3
Baix Penedès,2018,olive,272.7562938321525,154.4168774205032,2.2386758854708084,23.729492915119224,15.77377576169239,1.4701810430655058,8,299.13204926898925,165.2076573390346,2.988180032213328,29.08117370381145,21.054722999504044,1.9439694884530454,27,195.79806373790325,350.26415526892714,1.931228246810533,21.13069152305861,14.273571178148181,1.052467859478629,3
Baix Penedès,2019,olive,298.111427651488,76.86951327559423,3.1553042134436273,23.73597747771276,14.823029007085593,1.722448047328088,15,313.5992304062019,80.85730750111892,2.8108367274175956,29.455760267726106,21.042262914307507,2.1144197219067355,39,227.91338705450082,219.45059498542668,2.0197812623928595,21.332335529738003,14.136047015041823,1.2086811016596835,4
Baix Penedès,2020,olive,269.38649726137,133.12943873687243,2.056502706398447,23.788951504382133,15.864527916401999,1.4167055856124722,4,316.566907135598,85.72645886707019,2.907362453286866,29.134316103307686,20.839812336586554,2.11028257727037,35,225.252192095805,149.39300612830343,2.0487058537673226,21.228144169532335,13.550156309338632,1.2622345164941087,3
Baix Penedès,2021,olive,282.97847001168884,80.16475515705223,2.7102183917829614,23.70504720350739,15.768515536951444,1.5698620264267813,10,304.8766816507321,76.4280322949867,2.952653448598757,28.43417936280904,20.403387142830763,2.012020096681767,28,202.8473129523057,267.36883225525764,1.7518054274820591,20.7196440593552,13.92067755884816,1.0935604780995123,0
Baix Penedès,2022,olive,311.5589360255046,95.25026884208164,3.035904136391733,25.743517497254796,16.947012600834977,1.8560284819505806,15,330.6223922847248,133.9939712576017,3.239066055826083,30.176696624434825,21.49215517805988,2.327796342667092,42,216.38592917243153,176.35264433591522,1.7943395151306898,22.339139438254612,15.429311349990842,1.1970552871649687,1
Baix Penedès,2023,olive,269.5498656928181,153.47500753275662,2.1366498496091904,23.861941919523428,16.032496685566507,1.4631114056160097,7,316.2056207856392,90.79389451570908,3.220427440549982,29.426010161789062,21.638587613604074,2.0671711589380095,29,255.85719554538178,97.02721714899388,2.133895666605718,22.896469688288622,15.533833729215603,1.4137351044723556,6
Baix Penedès,2024,olive,272.1230803567902,124.47751888716844,2.0800366592451796,22.714719022137857,15.632779543880375,1.340094454936624,4,313.3785108903569,79.31393926046819,3.220803641493657,29.10403291150716,21.305624198288562,2.0524062450686316,28,206.94757363935722,359.7923577613387,2.0734147130826406,20.946927668596317,14.616112377108037,1.0832752215129076,4
Conca de Barberà,2016,olive,304.7072854794803,50.26000086963177,2.552664388353075,22.949699234498993,12.086068834477443,1.7167359338284212,15,338.8019372562169,34.169999696314335,2.997250108288094,28.919726401905365,17.296968006973213,2.406080491073226,54,198.1095289885805,209.1200024560094,2.5274622010701746,19.599453413995334,11.102796127043502,1.12509904314754,8
Conca de Barberà,2017,olive,324.93190523236734,51.6900001000613,3.279675114996465,24.96173962748803,13.6410382708868,2.0143770061567374,26,339.94180427822454,68.56000012159348,3.2010201985152062,28.957972399997868,17.968613258148217,2.3599081874090175,51,220.82090116613875,93.80000046081841,2.160453573537123,19.67140722302302,9.915306789178118,1.2518503637625578,9
Conca de Barberà,2018,olive,271.6347469024813,179.26999975182116,2.546474004046715,22.37940602568927,12.650549550746161,1.4676119903263376,14,320.1856807192322,142.44999790564177,3.408762217295874,28.939200997837837,18.053992488160556,2.2879696707771067,40,194.46577562542882,295.0000009983778,2.20121949707779,19.119506023285695,10.987704591446585,1.033484166992489,10
Conca de Barberà,2019,olive,311.2652260435475,72.06000102311373,3.6671436214664026,22.946153591701222,11.699140761919024,1.8506269112634983,18,331.8464471588473,103.62999959848821,3.333551105407111,29.155454495435787,17.941370080201118,2.408671994421188,46,227.17346521767814,231.73999874666333,2.199545912794739,19.30797357560587,10.841876310716865,1.1885618958609703,11
Conca de Barberà,2020,olive,274.3698164138159,140.35999935492873,2.194524837836822,22.615881776003363,12.86099894447172,1.4795999659723145,6,341.0935188592475,98.03000146523118,3.4842800912245515,29.13447848017285,17.7946494037376,2.5102071468607337,53,224.3564505902642,110.47000121511519,2.084895534620148,19.106077228703843,10.301452835410057,1.1936399869540368,7
Conca de Barberà,2021,olive,292.17479914780887,76.74999922886491,2.968950394916632,22.725438989177622,12.785557865877301,1.6652569897478207,14,323.15487926910936,68.16000084020197,3.4931825066286413,27.91364632328702,17.37029841134118,2.2502963354057033,41,197.95121000287452,212.90999818220735,1.707843593240058,18.484416777600018,10.584057519187374,1.0298624506625673,0
Conca de Barberà,2022,olive,327.82590105680316,73.78999939374626,3.522341397743499,25.383328220703465,14.134956266743972,2.1019270179785923,29,345.6869920737952,147.23000056482852,3.6376507722013236,29.92225836647218,18.462128219592774,2.6350721611259638,51,217.95183877890207,147.5600000154227,1.8658926439013246,20.440428468201898,12.410018943544856,1.1611116895917297,2
Conca de Barberà,2023,olive,273.6299473833687,158.0899976864457,2.317237667044455,22.632939171778652,12.962030377112018,1.5019706276255962,11,341.8831164746964,52.64000008814037,3.7494576303351397,29.273794676787354,18.824898672659497,2.4369306636332593,44,252.9529718394189,90.54999994300306,2.347261872127701,20.95989659395989,12.460997229986697,1.3536008393192736,9
Conca de Barberà,2024,olive,292.40106223014743,77.4399997331202,2.5623160540001058,22.18971456393985,12.740169091137137,1.5604802694961877,11,334.0105836291163,67.58999908715487,3.6885925385962453,28.9892588996536,18.348778809388094,2.4022108169756553,41,202.21969599420314,318.9000023100525,2.030966369560594,18.486233725268743,11.503336060925664,0.961699271524297,4
Garrigues,2016,olive,346.00864361260125,49.140649874331515,3.188932271965733,25.018616306594964,13.283945690536592,2.1248315527659702,36,391.5915854873089,16.60503190847041,3.797002629008206,31.34105003501291,18.47694397028749,3.0699185978678964,61,225.8256970802898,182.87158460191125,3.1730787340262823,20.953864709953596,11.612846173946307,1.366749603114158,17
Garrigues,2017,olive,365.3335480053881,55.48165711928528,3.876394089649533,27.124966883695702,14.695427478170052,2.4710785959057318,44,386.08003917861146,48.676706682501965,3.9915504666985164,31.042648013673585,19.00027378189109,2.9202863318232155,58,252.29450551641722,57.860817573735176,2.5431038372201593,21.18974440681876,10.412629227066256,1.5142948683681494,20
Garrigues,2018,olive,310.8552314150856,140.16394510572596,3.356166502738297,24.57270922591425,13.818903995224414,1.9069803043233924,20,377.5979704429295,79.71917812165134,4.227526416412925,31.621204337500238,19.27100453224996,3.056019636083885,58,220.30425870904995,253.1259358211232,2.7035114683646553,20.53546058393449,11.593954431975382,1.2802522573854611,17
Garrigues,2019,olive,358.30737471252627,60.05269277490307,4.426709174213017,25.273090365997863,12.701397023104931,2.323569510416892,40,384.0983206285114,75.32219867168891,4.215241537561935,31.45534930889007,18.97322197124082,3.0604602425070526,59,253.88852130740128,174.57261703395085,2.735990826482836,20.775159358109455,11.48851647483174,1.4596188605833156,28
Garrigues,2020,olive,314.5081109796571,122.32832147812931,2.8809131365594474,24.806213671501123,14.087802828579454,1.912743728273669,27,393.5398008862567,50.46003754616651,4.129145268652148,31.285519390656958,18.9149182288135,3.1077216544373463,58,245.76596997179158,88.4427594301766,2.632727946463374,20.37532469181225,10.956262846167531,1.3953534510042351,17
Garrigues,2021,olive,336.83964084707554,53.13718360892364,3.559103423572464,25.06724370469176,14.059210397325028,2.1492460095568178,31,377.697294262685,49.08050986263399,4.304193378274485,30.24052721803256,18.4976358995485,2.8815504662964107,55,223.90884205077984,174.63118534196954,2.0920502408139616,19.850208647345415,11.179424903477594,1.2528877039628459,7
Garrigues,2022,olive,377.2750669750717,50.8980880538821,4.432803903176561,27.96937028211479,15.437618889090764,2.7023771972401542,49,391.79083599952264,138.6746594215427,4.327012786483658,32.09176464960686,19.576596000809953,3.220097487238814,60,247.55114964291565,99.58899139462868,2.5009183707313203,22.005337373824226,13.294822638271368,1.4477749861196407,18
Garrigues,2023,olive,321.1584609778133,125.34632635118781,3.2392712838671964,25.14075860055335,14.356203576256492,2.0334611082110006,29,400.4999793047347,29.669286821106127,4.705425228716367,31.586578630282972,20.085167096503564,3.1182311783854693,57,264.8175270582591,84.35729355156447,2.7520618246805144,22.183814960423177,13.197952000810046,1.5354385406811166,21
Garrigues,2024,olive,344.80076449298593,62.946271210517104,3.2464327275998976,24.809689318783672,13.951103821241814,2.0924334093708468,33,391.27629144203553,55.51234221836102,4.455789590301655,31.44513237808645,19.588270922660485,3.082356502211331,58,219.28527320428373,276.3166085239741,2.2461461576816086,19.630420950912942,12.192942352553645,1.1062069410759738,9
Montsià,2016,olive,310.8210050194363,65.4377991575258,2.6528413871837846,24.17910786506673,14.410378583282707,1.7844620827001363,21,336.70203460862314,22.338182442553048,3.105421994076427,29.71506601945891,19.390701763576946,2.4445216492516666,52,216.2724068796411,236.36147099551803,2.657047542094972,21.58497023965378,13.503393465475206,1.2902031194134187,9
Montsià,2017,olive,311.7212400841345,93.09196763026073,2.6573973399989006,25.48959176775471,15.366106243358592,1.8360224544322687,22,327.9640722215756,55.98905728285219,2.9577676070847585,29.287507600205316,19.592432800957504,2.1837101193739334,34,263.11443485272554,63.230763260799286,2.4727361099453153,22.1228372907922,12.58585899571613,1.546646989027091,19
Montsià,2018,olive,284.66532894681944,166.25354238366492,2.6770081959327903,23.865582480581253,14.6868349439842,1.6151119626178194,14,320.7391098970413,91.65388483809824,3.315515580952066,30.00041510974039,19.781059813792496,2.382483998342282,46,214.67844011852537,334.5267966393433,2.4627801775413456,21.24777170764111,13.473172109854474,1.2348883155850174,12
Montsià,2019,olive,319.72465844360045,54.687918383468585,3.1734612244261067,24.18284211071203,13.928866227985816,1.884661424321065,19,328.4335753973388,94.00900128618714,3.252021427923862,29.71467486213537,19.649018943449395,2.3497256979894194,51,249.34955178847179,168.30933105320955,2.3434402119948308,21.538044313260716,13.379971789067778,1.39751739765674,16
Montsià,2020,olive,271.76883011222895,168.87825790962808,2.0338210479805383,23.52916385339691,14.758603474884604,1.4369513303416959,6,331.990114933039,46.165349089871874,2.989493246791578,29.321992354839814,19.357968157087196,2.3171667246865915,50,240.1281630253194,163.31562577483075,2.3339273280393735,21.264459931385733,12.711051475559234,1.3833879786230736,12
Montsià,2021,olive,284.63361623052697,68.04809425222386,2.8000261292063757,23.96378593353618,14.732031957044258,1.7093870044048705,17,317.93745600394044,92.91228576049221,3.188639754600627,28.64879667764401,19.212397858272404,2.207809909610501,37,216.6889011426863,292.3884979768005,1.7651212819749584,20.220430170946727,12.99566986671156,1.138888119744634,0
Montsià,2022,olive,318.17325731526665,103.06950814999006,3.223544102963408,25.915792379563428,15.741561567053456,1.9716448175770473,23,344.9055785384887,100.84860662781601,3.7595440529780757,30.825238536387136,20.34553205966127,2.6543841284109972,53,226.90121250262445,182.89375452470205,2.2458051163998296,22.289475004482092,14.645215482758681,1.312403438157468,10
Montsià,2023,olive,292.802371484037,148.1791145093976,2.594916179937563,24.280224801971354,15.075831884237973,1.7182504747132803,17,346.50153549094114,46.04198941687929,3.6961878980721,29.89027847953238,20.440250393521513,2.3725517385253663,43,244.26369762162886,131.49613014065685,1.9755629574214641,22.699799109326566,14.533151922118604,1.408862851787694,3
Montsià,2024,olive,302.7096822651741,76.34637413672952,2.4484524488651154,24.04652750519246,14.879451035823527,1.7323389738456207,13,336.31124327363466,79.05038202871089,3.45896047168585,29.647659948453764,20.145370849498182,2.3249835216535115,39,215.8846882403654,532.2959815428815,2.2156750988317038,20.80292123395561,13.890876086356696,1.1337525924107141,8
Noguera,2016,olive,336.4470939978518,82.48428194283358,3.796932051421907,26.042669997899,13.831939965899053,2.3486160802298732,43,378.42261265773476,29.20688997502527,4.307966197447041,32.7375209614391,19.750818628308274,3.485960452903074,61,212.95975476832078,255.98423877649174,3.457476706287795,21.039332561209484,11.5533449411709,1.4534378148746003,22
Noguera,2017,olive,352.8501909292638,79.30093262135696,4.5992583258351925,28.27677672653915,15.54126789724738,2.75903733455364,47,388.53950063519784,62.905603126986286,4.622162409297267,32.67274283905065,20.02952771312264,3.444161427587706,61,227.10340493380016,87.23107056038488,2.723749108026254,21.27233868796035,10.055907980895327,1.5877106134571992,23
Noguera,2018,olive,290.2390291474432,206.85766229080264,3.207269402682507,25.234185673352535,14.445587103059616,1.9589555540080832,20,353.1697487424062,117.19588768402666,4.534648406130507,31.97050176818521,19.720789245974878,3.1455326247797633,59,205.78626457680167,288.7491228806128,2.7222101562494383,20.70723259474705,11.59654007551768,1.3431586272426197,23
Noguera,2019,olive,357.4059355582093,69.42200074600056,5.299031973173539,26.81590038595317,13.556099576938106,2.7146688989523478,44,372.79942711347707,102.23724764628865,4.8300737598499754,32.504121442634585,19.965744570680474,3.3820823152569575,57,231.83121119303098,196.64867722283884,2.875730271025778,20.832242792604294,11.220631622035944,1.5216124638124866,30
Noguera,2020,olive,302.924183910996,213.89727702463392,3.035566835385945,25.74417903031222,14.772581618468204,2.0703247093619,34,370.7175160584668,84.24251742591993,4.703161503812327,32.24917734278919,19.893011339129245,3.3795671263773257,59,220.4977095106439,158.02659918816772,2.6970084570770854,20.004961679758264,10.636999498476136,1.3697674207810173,16
Noguera,2021,olive,325.68543679938915,95.55206373737232,3.7342565584385308,25.912971972634647,14.603640761051029,2.299734964752843,39,376.9880498725006,77.20745212324451,4.882587733111527,31.676758744142806,19.45881431201565,3.296381183555917,57,208.24256401122307,179.6637391846643,2.2235266020534685,20.125519110223365,11.101522189293268,1.3365566940438915,8
Noguera,2022,olive,389.33663970834414,63.962570143769995,5.443716700892121,30.202206516546553,16.799181781981623,3.3357177754465654,55,396.01375983830616,125.24005515938823,5.188714301787684,33.818436035985634,20.791210836615274,3.7931340319003444,61,229.80141739360477,159.94112842267535,2.6394258453007384,21.869379965651174,12.85454840759478,1.4852948643519148,21
Noguera,2023,olive,313.92919558953514,147.65241409889305,3.544063230811179,26.457602353238446,15.308789867291758,2.320214442071075,40,390.60934573971826,127.50363815162983,5.204533212452353,32.74429456483679,20.91915652638216,3.4410510776390653,58,234.71216948839984,130.24229246171143,3.0076540982874924,21.797508851687088,13.003714282316263,1.518140564060432,27
Noguera,2024,olive,327.3769625438992,122.78620308258763,3.696022969645228,25.445171397311498,14.469206879608652,2.206786145499536,34,386.73175282242977,48.88725109329131,5.347055583071689,33.20747875577548,21.017546986970387,3.65570424254349,58,199.09917324666807,376.2395003764784,2.2920495041357873,19.694384295783667,12.09358658333456,1.1425420918455664,11
Pallars Jussà,2016,olive,266.5354838207343,135.12272084230003,2.941086035814368,22.54431103244392,10.613281082877963,1.7483868456827891,16,301.91797615977225,62.26826322349772,3.491487337081043,28.955938842712193,15.997510496011882,2.6096698580787763,56,169.31352368193814,279.712104334498,2.6405271425688044,18.912905841616634,8.495081066572425,1.2716085621007711,8
Pallars Jussà,2017,olive,278.23297817609955,112.42805767255008,3.4633678039178633,24.588123623702316,12.040591845257179,2.0142900445209113,21,309.15201835832295,90.18218701525679,3.738202208700266,29.37233169143898,16.615880610009977,2.7356724316133887,51,181.7428591966126,104.31940558497217,2.228349357699039,19.324844447036106,7.5144641545547515,1.431823750961851,15
Pallars Jussà,2018,olive,239.78755041747627,303.6873892735924,2.1848838094024083,21.771066377898602,11.182989374143284,1.4280124629888553,10,284.5109106538493,130.32160054464867,3.2335706233133226,28.124741373208373,15.973160463447908,2.2903431133901226,44,170.06067734453032,350.0078002815306,2.21909618499198,18.525636064369138,8.58725060232728,1.1781041678590998,9
Pallars Jussà,2019,olive,281.2488141250428,112.72635471841781,4.052518605712968,23.117378019320626,10.278672719421355,2.0160177447645493,24,302.394766629565,134.4166210368294,3.7607918216147582,29.075537655727388,16.51454054849625,2.6279876816653474,53,181.83344484367288,215.2638600940325,2.524393222832991,18.6533965815895,7.9674614427274415,1.3393666700522249,21
Pallars Jussà,2020,olive,246.0480710755465,281.77059997144613,2.2986726219587013,22.376185598781994,11.48985027989206,1.529980859023336,10,296.4693644234674,122.34361445056082,3.4038638327336592,28.200550898051088,15.990285664088995,2.4254101100256893,47,166.1230854668352,203.99532162879015,2.028795679217545,17.69272672963635,7.421685135413408,1.150411093991288,6
Pallars Jussà,2021,olive,251.77896253556037,150.22873780923513,2.4251121211804865,21.838839635266293,10.674585358222748,1.5638517757108432,9,297.8784625135075,113.73143454370154,3.622837325696164,28.002885448517368,15.857285834424514,2.4598061253688805,45,167.10521333370517,224.7680226894209,1.892984661145522,17.884578822556946,8.099818691948686,1.1537988331645588,2
Pallars Jussà,2022,olive,308.350479228875,105.65843286296571,4.383195609180109,26.52351729130863,13.029755290389787,2.5485953393651943,46,320.84660019060885,140.38075544982357,4.418242595779155,30.810192254329827,17.24797085822573,3.1007980638046435,57,176.93094810787994,212.18441587322448,2.2043381108911135,19.551391695757033,9.472933870257577,1.2972951516211277,9
Pallars Jussà,2023,olive,255.8883173912287,207.12381897550023,2.76724056150099,22.973710789071617,11.600890744115148,1.7808071277261066,17,316.02301156824416,143.8399995053463,4.2829669501404,29.722057886761956,17.371233317092877,2.8000098751101405,53,181.2272193143924,195.26396259158665,2.4513963027944294,19.66990727704377,9.755851561167251,1.3249710084401845,19
Pallars Jussà,2024,olive,254.98870176080047,192.868458022681,2.4947095606606355,21.622218502613624,10.853894378375028,1.5514468528354572,13,314.4073218798612,74.89017929413234,4.24444717098535,29.913737416326043,17.391862124473327,2.870193269487433,53,159.57446389460563,381.0959851932424,2.0484186935977524,17.86224709495503,9.032970238969737,1.0528548400815838,6
Pla d'Urgell,2016,olive,358.87521743774414,58.09999932721257,3.9948597303045483,27.333343117508143,14.052298735944351,2.6034168568231464,48,397.04076194763184,22.72999981790781,4.538286796226638,33.814951088215395,19.627822713561923,3.740356777919612,62,228.3413372039795,199.0600009560585,3.7705916084548434,22.293855306594985,11.736802861969297,1.6073205783646234,25
Pla d'Urgell,2017,olive,380.0316541194916,59.11999911442399,4.982934450431513,29.806727787077815,15.857294913742763,3.1244472980986435,54,403.0682234764099,59.48999951593578,5.032136573333725,33.74563926944649,20.126294373560658,3.6910036877961145,62,248.1348291039467,65.82999951764941,2.9560801439714526,22.46216645711439,10.32304218417053,1.741038926971157,35
Pla d'Urgell,2018,olive,313.2713267803192,159.66000203043222,3.9875652513007203,26.670095086642363,14.579157206423348,2.280435690675741,30,375.2177839279175,111.29000061377883,5.034874421739899,33.71629120367029,20.231676000797307,3.6200523614501625,60,223.4760833978653,251.85000203177333,3.0645675935830115,21.920151800628293,11.724879878946462,1.5101563032452556,32
Pla d'Urgell,2019,olive,373.69777846336365,53.93999948352575,5.7146715688012995,27.86755832546792,13.696204125448705,2.916348712377568,50,388.76828479766846,87.63000033609569,5.256946050763096,33.909728349272605,20.131961290930874,3.7470513865474278,60,253.13212317228317,185.33000413514674,3.131892746241598,22.02969414427098,11.416157016115934,1.6757295740432443,35
Pla d'Urgell,2020,olive,326.3220319747925,140.7899990528822,3.5152561977038395,27.19494289898227,14.975130787205877,2.3776767914778847,41,395.15607213974,74.82000024802983,5.283011938893831,33.87758890953595,20.136754027353504,3.845907083512366,61,245.40505695343018,109.00000098906457,3.0427685191154192,21.467721327049137,10.926834144163664,1.5767648591209193,25
Pla d'Urgell,2021,olive,351.0506749153137,64.64000076055527,4.423071984105522,27.45974342408473,14.990613705366739,2.6337112651705348,47,389.2318413257599,61.76999959908426,5.443746293368527,32.774808659724975,19.58705122918692,3.5590156049677417,58,226.12955570220947,159.61999859847128,2.5046965460082506,21.28698113828283,11.29967477399282,1.4874461659035543,19
Pla d'Urgell,2022,olive,396.07031512260437,47.109999399632215,5.614957932750127,30.980619448674894,16.70972741486341,3.4618796433052763,55,400.10589027404785,136.87000109441578,5.416927236019652,34.81649960919573,20.796558340767064,4.034071843861364,61,252.4954890012741,118.25999867357314,2.916260251829982,23.36000031271191,13.329184936681694,1.6916117666599693,31
Pla d'Urgell,2023,olive,323.738440990448,124.0100006274879,3.8134805553506625,27.389823650295032,15.251483466349065,2.4545957452270666,45,407.47341203689575,55.20999927073717,5.7719555220568415,34.21677160941625,21.197555379577548,3.854612906955109,58,271.94159442186356,87.73000159859657,3.51137583985834,23.559088943807378,13.396162301358036,1.8237370126113213,37
Pla d'Urgell,2024,olive,354.6170063018799,67.43999935872853,4.097292227735011,26.94460720562289,14.802943107102138,2.5250942762735873,41,397.8038811683655,46.74999959021807,5.669868090659831,34.16869657948933,20.87189196680663,3.8884453359774627,61,226.03652626276016,264.35000227950513,2.6540338862049677,20.972257714733725,12.263820643991961,1.3252494353151327,18
Priorat,2016,olive,336.94901622435543,45.19786226544817,3.0319283236110732,24.858858227601665,13.42720979026782,2.0438590653801585,35,377.47905282758177,14.88675493279604,3.611930919985525,30.8613670186759,18.649565037937226,2.866695951333258,59,221.38233166352634,194.36615642625895,3.034246824128745,21.14517674176911,11.895198395546181,1.3358276531383055,13
Priorat,2017,olive,348.48671545791075,57.86625902377117,3.403679836317431,26.59034238739987,14.670308497114053,2.261958790943098,39,366.82918967390543,42.57040925368764,3.6217924905556025,30.444167975044262,19.1129292783714,2.653396141983357,58,255.0986235316084,56.361766464813755,2.5708121581641885,21.489175826861736,10.715286371810082,1.5220828348177582,22
Priorat,2018,olive,307.5465692238726,131.06667132758938,3.286099218143454,24.5871819742007,13.946865101961004,1.8786556332761928,20,366.86765921498585,74.56222264982334,4.013020000910767,31.38280216974632,19.43878304665441,2.9050849738682576,57,217.57121324032525,267.3060711040329,2.6859443330496497,20.768728397823136,11.81780004063986,1.2716902865116475,18
Priorat,2019,olive,344.35998382438135,63.742355668031834,3.903798894279672,24.891063102497466,12.739084986423432,2.1716868795261033,37,370.0651595479795,72.70761930757503,3.8794936585985615,31.03819598116697,19.098031426026264,2.85152004156516,57,253.13255574904773,178.4544693088534,2.681533530984705,21.078752948633845,11.812817473185065,1.4567473584543953,25
Priorat,2020,olive,301.16650366401086,122.72902130535036,2.612642533069316,24.43776667983106,14.105970405384442,1.7713361664105494,20,378.42924785678156,40.88933835449242,3.663703745920794,30.680382708809315,18.929977381130023,2.838437588825226,57,244.98513358015938,91.8768804127234,2.5497005690479626,20.762202440715953,11.182980121760062,1.4078481997923733,16
Priorat,2021,olive,322.20739155399224,49.93304750798543,3.365820328814206,24.822263178544954,14.069531376688827,2.043546667107902,30,359.6499800063272,52.155569906926914,3.8118954728376098,29.722096644646918,18.60983549171707,2.6541053731914026,53,218.98170225091917,211.0556449446007,1.9613726762550268,19.87809495452252,11.39176768607019,1.2012824746992963,3
Priorat,2022,olive,356.36961502480807,61.04466674020245,3.9604207042636497,27.24241843882868,15.284373094592603,2.4436009858606287,43,378.7192719053004,129.41571858301026,4.10383419857637,31.676810036008405,19.739063983411416,3.004277550820377,58,239.9498514417292,108.34337568145746,2.4414827842686266,22.120033949156774,13.561203887838724,1.4020409836039474,16
Priorat,2023,olive,315.14761174001103,130.10048783540915,3.1155227260560427,24.99666492941464,14.436850537110395,1.964505039828805,24,385.1547205206388,26.107456725432314,4.313699355699126,31.059573044654055,20.183064910046667,2.873444514606892,54,256.5916194576416,93.6713983229056,2.3591480111206016,22.318170190742308,13.380128957025555,1.475723030624701,14
Priorat,2024,olive,334.5637894478478,63.77782228909745,2.966575046067771,24.736869663301217,14.042566195777404,2.01828827693652,29,376.3800017985095,61.60939456089394,3.9828734185096155,30.89643941393094,19.67230154859043,2.8234932080194404,55,216.4985205899735,345.09835627677523,2.2406190665684216,19.970558768162554,12.444430745094852,1.1083323399860239,8
Ribera d'Ebre,2016,olive,348.99108722338076,47.014096482627416,3.3588873849486602,26.151091004517532,14.47648151082369,2.243864626674725,42,390.02684290240643,14.469345905408204,4.014258751966634,32.176236174822556,19.646048773809053,3.15178606348467,61,233.37989150606705,197.49122077879386,3.3660735868713596,22.24693573458346,12.918970246846595,1.4846980398845486,17
Ribera d'Ebre,2017,olive,356.32837787679864,63.33535470426769,3.682730899676963,27.80101195486259,15.591379184117223,2.4491716668202304,43,377.18942855820666,41.81782232815355,3.982610628113221,31.66382325833188,20.082885876316887,2.8885998845509366,60,274.2118217156987,53.34904113562109,2.828078877046366,22.655890353511253,11.77114563681733,1.695176582403433,27
Ribera d'Ebre,2018,olive,316.5085916637884,135.41887579102607,3.6398171797705507,25.858702686567767,14.963282764672384,2.0671379166622827,25,377.1607426880382,74.97547521476403,4.4086196165604745,32.67452064214675,20.364104931414804,3.1830559206462645,61,229.62896555327546,268.36004748705227,2.997890644627849,21.88249395556051,12.853496874353796,1.4210831469015868,22
Ribera d'Ebre,2019,olive,356.7320511333912,63.23899325705184,4.2507341203565785,26.203880535939657,13.787354637376357,2.382327949637119,44,381.1830053823897,75.65878147220916,4.2772943519706645,32.30323055540981,20.039392565422055,3.120930699183708,60,269.65562250890025,173.69784480659007,2.9493748841072684,22.208512101754824,12.850614961518653,1.619520516551888,34
Ribera d'Ebre,2020,olive,306.4077856916617,129.4141086716538,2.8264255471645474,25.544611658268128,15.030332683708986,1.9095878872372385,27,389.129439822852,38.2065075868225,3.9634518438106316,31.854802038174558,19.828841169809557,3.0771656305047723,61,260.78322543204405,96.8597344703433,2.8187628556002595,21.885106815599265,12.188630461999107,1.5667638976321419,27
Ribera d'Ebre,2021,olive,330.03569807368217,50.53028113397899,3.7057984017005414,26.071180715411508,15.04095723386949,2.234900294362785,35,370.5787287358832,53.515257928364406,4.179536246170257,30.951291007790438,19.586313637094502,2.9007622769451897,55,231.0611560519826,219.0884072446869,2.1296187973504854,20.869027315138336,12.432241239339817,1.3203810977787562,12
Ribera d'Ebre,2022,olive,364.1903451201621,66.23296633983023,4.321671740872962,28.43845840703247,16.166728078688028,2.6495281193010114,47,390.05892198889387,126.75803232295213,4.578292617815868,32.99710573015054,20.665982275652755,3.30547997702684,61,251.84363353294466,114.23647501661861,2.701371941455517,23.17575599849101,14.534986470668933,1.544529136246196,21
Ribera d'Ebre,2023,olive,324.45037334866674,137.32603532097616,3.444245031625968,26.23267676034249,15.406707406763672,2.155267273058659,34,398.75751233601136,27.407779328833172,4.746288210727674,32.277303495202055,21.111014219979765,3.1316212861608608,58,270.24721147750705,99.25086301275273,2.498039612518235,23.42129753977304,14.339757560850765,1.6246334175610864,22
Ribera d'Ebre,2024,olive,345.25691514881765,66.30600198215481,3.2150351952213443,26.01396035716481,15.039267170333321,2.2128945643259508,39,387.93577680037015,62.75532819512335,4.380222319093899,32.10072766106768,20.614271243253977,3.0690355992423815,58,228.49218751127364,360.2773236327539,2.452352494115293,21.014021046410782,13.474584720478559,1.230861603567991,15
Segrià,2016,olive,357.6186412310831,46.186938116543786,3.4184223179346245,26.030261654310824,13.978263306787884,2.256513655329198,41,408.0058534671198,10.036796724156218,4.084897267978554,32.3985487133295,19.13887197691444,3.2802274175280015,61,232.59320317639282,167.17431030268673,3.386581457550206,21.765362305342986,12.068589255337402,1.4509078628940624,18
Segrià,2017,olive,375.6317720089861,55.69728693944443,4.088692303096112,28.17065146095505,15.226982922978895,2.613585280596792,45,397.06762316964875,40.965570968764794,4.277866302352624,31.980595133544867,19.62774717271007,3.072886524182357,59,263.62503234440925,46.38430872976541,2.68154368981732,22.060439849496934,10.91361065389411,1.6127186368969886,25
Segrià,2018,olive,324.9935187960118,116.21573090257083,3.6619425777215375,25.690101989200183,14.527316842726295,2.0616304369878,23,394.9743986915303,55.01277175106717,4.527329643140662,32.80193798159199,19.992205966522096,3.301968671257837,61,227.04252583915357,237.32875124434355,2.8932093697583827,21.356229084646888,12.088670222054734,1.3591180385378623,24
Segrià,2019,olive,371.54952894302227,54.37448527320717,4.650789163262301,26.315942859849564,13.294086509659396,2.4704468353395126,44,399.9648855018863,57.81433076555734,4.517277295538732,32.529318325458206,19.602588119954813,3.2739210345016114,60,263.2582240621324,151.1332742712823,2.909599418055005,21.636049325690877,12.033162628477973,1.5577826407934978,31
Segrià,2020,olive,325.8746566656655,114.69149229930335,3.1676113323483124,25.87762808177474,14.770221291021729,2.051387895871997,30,410.83610331678597,27.288862824280873,4.344043342925592,32.311631698192365,19.58872488860989,3.307180355637602,62,253.67679055734536,77.9628005133656,2.8904412316797297,21.233589308786136,11.524943927101422,1.4908914641846354,22
Segrià,2021,olive,347.7260009098081,45.21930481273521,3.7800061420798166,26.118684504761355,14.703646858966058,2.3006518336045083,39,392.5276216763627,37.49470401225831,4.571074012141206,31.292103811938173,19.14589666710603,3.080577541550196,58,232.83993139189934,160.88729949729253,2.247576309364036,20.700966677652755,11.68965719808957,1.3414016754765417,11
Segrià,2022,olive,387.5268856009039,48.040574436793634,4.743983728219285,28.978413047829417,15.99856107078397,2.861096743963687,50,405.0992217839581,129.24428233268003,4.590965051914746,33.10933861464164,20.229287326538845,3.409020009284989,61,254.9504560131432,80.73959441773006,2.761674178596674,22.916506706706308,13.830046645406625,1.5506046326512786,21
Segrià,2023,olive,335.74360342705774,111.77779589298234,3.6179003105425687,26.282755829768284,15.05635202650534,2.2101549556027082,39,418.1031892807337,18.676233239089473,4.982935946208397,32.60199986803492,20.74012290449506,3.3210832683685956,60,266.93364175536493,83.35272165017935,2.806041310067265,22.998670515186564,13.663574134923145,1.6004000269938559,26
Segrià,2024,olive,359.2961723992925,57.45267802404019,3.436906309017115,25.936371491758738,14.62534794600382,2.2520780388053097,38,406.5761170578898,53.97506079677268,4.704481899397832,32.42285065473921,20.236039451997712,3.2494581598303687,59,221.84807911622082,259.03688922581296,2.299432944124208,20.34748444996055,12.705445513727348,1.141378783864888,11
Tarragonès,2016,olive,306.41261642920733,29.419460869042503,2.310758256697721,23.638120450449826,15.698440370351463,1.4880867012532137,8,328.34296789189347,23.992136168406276,2.5882605306523354,28.568952050952205,21.047392311257777,1.843450180140673,18,220.92864579683888,229.1080086513846,2.0702690447720586,21.87331215494271,15.109812548999356,1.1200614229653567,7
Tarragonès,2017,olive,316.7443018367654,31.985282113540038,2.4507393946353937,25.102039620028258,17.268053243289135,1.5984547279017658,13,329.2753513969655,38.76671176811532,2.7131918357535585,28.814964581987862,21.582470263202758,1.8160159271096377,19,249.98595770554712,99.02803778074605,2.2316413467297096,22.040887103708197,13.876373964740711,1.3141531987163373,8
Tarragonès,2018,olive,290.64075735016297,82.88049801167334,2.2414101480708384,23.801494035286247,16.32327446664784,1.3937275196530028,7,318.04660622753477,114.5562403288907,2.800141683379144,29.142007498438623,21.859828748421435,1.8187182195395335,18,223.4662001385617,308.32660495318527,1.9969192091547268,21.644731087711516,14.927716231408661,1.0801902227129139,4
Tarragonès,2019,olive,304.0669455042779,64.30440793344283,2.524723116333577,23.281709756987897,15.130799428621385,1.50842166328233,8,326.99641980348963,49.0981481520619,2.5835437836519737,29.255339460653115,21.758965481205944,1.8991027589823248,23,258.64326354305985,225.51080107276408,2.166589527490896,21.96098546304701,14.877132253734503,1.2540761544432855,11
Tarragonès,2020,olive,279.50513796056697,118.33267377392887,1.820563688710671,23.68842561197261,16.575664635366884,1.2626740999947066,1,335.22351309447095,57.32074502986929,2.6519536817410603,29.09858866895045,21.590314336822544,1.9594089228888603,30,251.99613411012902,110.15642123158187,2.020927275549267,21.857488957264327,14.378377082132909,1.2837143928277757,5
Tarragonès,2021,olive,289.4666630210778,58.808762719501104,2.2755155672422296,23.494382532341458,16.329588754857753,1.4015386243183292,5,313.7510240737843,67.49370418216449,2.639139789856646,28.034808027593044,20.969003955238435,1.7518340378006203,23,229.16676518884137,267.41266474012724,1.7966767567634423,21.20704076068627,14.493001428254662,1.1091186423692894,2
Tarragonès,2022,olive,316.0253742830704,70.68817132670884,2.398648399944908,25.444280297530057,17.57449163181829,1.6236631921608753,12,343.54748686005814,97.19633336660415,2.792898931626216,29.983791063176973,22.41407926966334,2.0681663837465796,37,241.404394338979,136.0793783158327,1.9276402100901973,22.94074501276878,16.38336760557683,1.2039469042958524,3
Tarragonès,2023,olive,285.24535650361935,99.65717193773352,2.1447633030068944,23.944011712732237,16.719886298694515,1.348528424587231,5,331.9393145443944,55.10358468480426,2.999288788606664,29.292866110359444,22.368167260567315,1.867451589134265,24,267.08477480638084,89.54473659133907,1.9866687158424807,23.158400948345452,16.266738018004443,1.3369850696404182,4
Tarragonès,2024,olive,291.7834278754179,60.18568153005293,2.0788734488291367,23.220820372599036,16.30694544591789,1.3289964514658552,5,325.3766552754411,78.62252994089452,2.7135129525620916,28.926365183155482,21.989669226747473,1.8224954815728969,20,232.38941180167654,420.8028316203675,2.150006561690412,21.586416550317047,15.373422482555375,1.0904122833656833,8
Terra Alta,2016,olive,354.37985598846535,55.29061262600947,3.236292783929397,25.123665310448057,13.763177064749264,2.118145618751695,35,404.11240642751125,14.920462630269562,3.8617184714234787,31.316411356541987,18.813609657651007,3.0479990347913857,61,250.94695934955033,201.97270861147945,3.2666061738402687,21.148016393200766,12.316877790338113,1.4013070503148426,17
Terra Alta,2017,olive,360.58681421026375,82.40484037372401,3.5161079757013627,26.886635972687024,14.782190934065328,2.31152586307699,39,386.96259382950683,47.34181828055356,3.871712773047153,30.7670339364425,19.120373711046962,2.7768351864800467,59,300.6879251662182,48.01585649534951,2.6704193890692847,21.623613076738,11.227929322227608,1.6063833910093874,24
Terra Alta,2018,olive,321.3302089708533,135.8487095778861,3.383008816360666,24.697948557696822,14.144976907521846,1.922654369234594,22,385.78191601698285,69.39813152430507,4.174354417624968,31.684817127923655,19.358398628341924,3.038894782049578,59,247.40922002435676,270.915974668777,2.8673212675359796,20.820981283018167,12.323664015024436,1.3434026417429206,20
Terra Alta,2019,olive,367.28670415929105,57.34446702582373,4.085901070111759,25.27638648569487,13.124042377091497,2.269801009870637,38,392.94568838258925,80.0209355749264,4.200013277164303,31.36027820799994,19.10007947080305,2.9955373622450074,58,288.51407970895536,156.5838347605312,2.7299641830485393,21.061186779173,12.240988530902682,1.5022142865949812,28
Terra Alta,2020,olive,310.3093178358976,143.9009325796297,2.6661889390495817,24.515098713177636,14.226686981156199,1.7972724860781595,22,400.6832483551679,32.463253738524294,3.7972238008355896,30.949277580284978,18.88965573327183,2.9619351807113135,58,279.4825866688294,114.62388233617914,2.759637281588719,20.725869405193478,11.59598696327267,1.462484777220901,20
Terra Alta,2021,olive,332.98895065897136,56.45056263555428,3.5309565949854607,25.047438083249077,14.227502872114284,2.1039955208799097,32,383.61994215123656,55.86143252713734,4.132853962202044,30.124449811438218,18.688541566207324,2.811306193365314,55,250.23028006171361,223.8815555800954,1.9823074309527726,19.702429850742845,11.891353258025562,1.2314400295752754,2
Terra Alta,2022,olive,371.0286097232833,85.52419200164266,4.216970211091891,27.4505242025863,15.275454885981077,2.5034627767177238,43,406.73215395148094,110.4117360740314,4.6066004093373865,32.354072969875055,19.821138836627934,3.269028668393437,61,267.98266023502435,135.47684385889193,2.589860777412336,22.04324067509412,13.763063396686823,1.438304691385164,20
Terra Alta,2023,olive,332.31760424890604,135.33170821182756,3.339255601199093,25.186960488316707,14.578814403670735,2.044597455554823,25,413.9895401714199,31.99157700931769,4.583299889832986,31.426774220481807,20.040017797397454,3.02277618761627,59,285.8978160155663,116.11450915774144,2.257199915753818,22.334956019247056,13.625072284277941,1.5019241116477287,11
Terra Alta,2024,olive,352.2794436463437,68.17177514599923,3.0130251343638617,25.020416648791574,14.253749915183217,2.089442784030676,35,401.42950524270674,66.38685351990492,4.3738443296622425,31.21475065443027,19.70729597274062,2.9510411039951174,56,243.44827435605356,392.0080504757251,2.2784379158203607,19.935990618702455,12.866569096679727,1.143004270152506,10
Urgell,2016,olive,337.3808485808687,60.72000077739358,3.2161026890236455,24.731920847449594,12.905444269549122,2.07056367992717,32,378.0225568714941,42.70999992080033,3.6269955149349338,30.943233636795835,18.29531663492455,2.913335957950375,58,217.9651147619685,200.5900017190725,2.9430241763922402,20.500197620526517,11.36503974597974,1.2915164760030517,11
Urgell,2017,olive,360.7049380853937,63.960000205785036,4.005746331690882,27.016271900581472,14.742635375603882,2.466149393917725,46,387.1710505616347,60.1599996201694,4.028262602225786,31.13915010458868,18.98016067933959,2.946705475233484,58,234.47310240860108,84.80999987572432,2.3422049892166887,20.44634659717228,10.157125808712353,1.3798127398459468,15
Urgell,2018,olive,286.03825512675655,203.84999926202,2.908919865366769,23.72762038935316,13.29158018799277,1.6705064186891077,17,353.3964306181659,129.79000212810934,3.9645834388453016,30.733691166784276,18.973397434705767,2.756948129547113,51,211.289994673435,287.25000126101077,2.438618813300116,20.060046955898603,11.378909113608858,1.188798079483871,12
Urgell,2019,olive,351.1400034334822,57.51999939791859,4.547145763866867,25.05469479995911,12.520299964997305,2.295407736488703,34,369.1744068138954,118.49000165611506,4.156579976073602,30.999009038360516,18.882524443561042,2.884915123360405,56,242.24369162414035,195.91000332683325,2.480811397149824,20.110588913595876,11.03218705232813,1.3295041839858353,21
Urgell,2020,olive,302.3256358717876,134.42999954894185,2.634748523345715,24.473500914266257,13.74460305250404,1.8169809734662634,24,376.30276261746013,113.76999945566061,4.19344260653383,30.944877190592685,18.740954320897213,2.9766976307223145,57,230.10193071895634,120.52999999374151,2.1970208971933163,19.454104679277233,10.389381199993771,1.2315883957542448,8
Urgell,2021,olive,327.82617671021524,76.80999993905425,3.541654668385308,24.66630172828753,13.739939510127652,2.040235776732111,25,371.8526382981771,62.34000019915402,4.344550118116566,30.054231561473905,18.424625260346385,2.803017343822891,52,216.3264411142039,166.24999954551458,2.009456802959293,19.480853034333958,10.964511804474503,1.1931515700913238,5
Urgell,2022,olive,375.28264333638924,66.61000058427453,4.450137880577872,27.902810688763974,15.428852270982286,2.681698916473779,50,384.5610916859349,138.61000178009272,4.223903556830226,31.852856510900512,19.539356979563447,3.148350697799393,59,236.67599877813655,150.3899986501783,2.203958746184721,21.29037386820022,12.846239353689223,1.3150826702623952,9
Urgell,2023,olive,298.6164406889299,156.96000018902123,2.707291193431698,24.4353942206921,13.871255701381836,1.818930978067124,23,385.84794758844384,64.62999982200563,4.62638660294236,31.375006570086917,19.854532092442295,3.0044011556317742,56,270.4268173330438,81.88999902829528,2.8487883262117357,21.793148602405452,12.99224339671045,1.5130436110056595,23
Urgell,2024,olive,326.4304706631381,75.74000054039061,3.176112288443325,24.14439179167815,13.490705396446993,1.9418036032539767,25,378.45591126229795,69.53999988548458,4.65560372411308,31.346301187712424,19.465983748235136,3.028121738938924,56,218.42741051821397,256.66999824531376,2.232671898387115,19.387868683814986,11.79450881507748,1.0968113159573398,10
Vallès Oriental,2016,olive,245.9429066181183,72.12000013887882,2.048680183365163,22.093252628477146,13.550841699782222,1.397331457305243,4,285.93574047088623,61.98999855108559,2.7414639689590987,28.103327746261115,18.856907162843775,2.0700880319632144,35,173.9311945438385,266.83000260591507,2.23080202045506,20.11005141996566,12.947705617574691,1.12249378506774,8
Vallès Oriental,2017,olive,290.1657555103302,39.669999964535236,3.1865913454941537,25.42237220135112,15.551513086500972,1.9464682517807015,24,296.4197691679001,69.1900001000613,3.1211826711561312,28.828296933351588,19.967859232526237,2.173383301570746,41,163.98353719711304,184.1600011419505,1.5883726546644286,19.477744975189736,11.945464755409512,1.0431976731596355,1
Vallès Oriental,2018,olive,236.60962295532227,199.81999969482422,2.0928205647142524,22.433935862019663,14.502314247969977,1.3337700377906012,4,274.36720156669617,185.0699987988919,2.955182254337019,28.424738879073615,19.798208077977346,1.9787664554624709,29,169.11792343854904,399.33000007271767,1.7612728414284677,19.85552241015711,13.07887654015797,1.021633802849139,0
Vallès Oriental,2019,olive,263.4752901792526,94.26999855227768,3.2399722137970954,22.353423987179756,13.121588950198461,1.5752952326054144,10,287.75302362442017,115.13999893702567,2.874116275696656,28.853247022344785,19.882650708868223,2.1142158238103566,39,182.07138612866402,346.9200005810708,1.9413286390250484,19.73248962019317,12.401472157431321,1.092861659246621,4
Vallès Oriental,2020,olive,240.94430124759674,136.92999975010753,1.91562033151077,22.70860707263698,14.640393281493289,1.3578165129855069,1,272.94018173217773,109.03999891132116,2.621220684148493,27.821027843129816,19.449397574417617,1.8767298303571571,21,176.3179436326027,223.83000252768397,1.8688177229492844,19.389566277666557,11.77122078648781,1.0813043418538968,3
Vallès Oriental,2021,olive,253.6321210861206,78.55000047199428,2.6252434111988974,22.803320627644663,14.326615545517365,1.530827195721608,9,281.9718117713928,53.5500004645437,3.2554198257487554,28.123245388177697,19.235950741945338,2.126660745369667,35,175.25766360759735,279.88000007905066,1.7506307611212066,19.4471952026966,12.724200576473217,1.0548899193609689,0
Vallès Oriental,2022,olive,296.4861853122711,89.62000142037868,3.372505832330063,25.879362928009673,15.839419420549383,2.0019267545151225,23,312.12447690963745,115.57999993674457,3.6447698945067963,30.373439322464492,20.44735191224524,2.5491809855029595,44,184.39196598529816,181.17999928072095,1.8514239616825183,21.2641621712749,13.962071012921534,1.1957538820471982,3
Vallès Oriental,2023,olive,248.31190884113312,182.47000014595687,2.2535613815023448,23.237612779924376,14.610492558676945,1.508129611001029,9,298.181520819664,91.68000131472945,3.766752037209336,29.70956681899927,20.507212633956428,2.3640341591568292,47,216.3585702776909,136.7199993710965,2.3187077527923243,21.999624066557352,14.09399380814389,1.4105684088279358,13
Vallès Oriental,2024,olive,246.7110493183136,126.2799988295883,2.195931430895914,22.139183584707933,14.370489817097795,1.3856453856200057,5,292.1593110561371,107.6200001835823,3.402217672951165,29.08963273696802,20.21398645341837,2.181669255447703,37,173.53739607334137,275.86999815516174,1.8494509623471138,20.035638162324865,13.748917467248457,1.0330439241109073,3
